data,hora,campanha,precisao,velocidade_processamento,taxa_erro,latencia,tokens,custo_tokens,sessoes_chat,status_finalizacao,duracao_sessao,consultas_por_sessao,comprimento_consulta,nps
2025-04-30 15:23:08.898035,4,Campanha C,0.8882887546931706,1.5075473854158432,0.04626844569772478,0.21699373849531836,380,0.4123855499213362,68,Abandonado,26.603447314591435,3,233,1
2025-05-06 15:23:08.898035,7,Campanha D,0.9544542232423381,1.218140651349266,0.15316272429304958,0.15966847052895133,880,0.09308392287867832,34,Abandonado,32.39575623939154,1,194,7
2025-05-17 15:23:08.898035,23,Campanha C,0.7033067485393546,0.7661612759443412,0.11783789355380457,0.1974665979099573,563,0.07241359146956226,95,Erro,21.48882646940667,17,365,9
2025-05-24 15:23:08.898035,14,Campanha B,0.7200616400871432,0.9761280410358165,0.14577610835175994,0.5277753306054842,616,0.013847686991093622,8,Em Progresso,10.468369055207571,18,69,1
2025-05-26 15:23:08.898035,5,Campanha D,0.8195971174503216,1.3282741246513812,0.12780726249891874,0.6335892307530099,890,0.44265856217152194,71,Erro,50.93281265404976,3,392,8
2025-05-06 15:23:08.898035,22,Campanha B,0.706507030895201,0.9087870642299324,0.16214879596320605,0.6888975746890774,917,0.21088324260284425,54,Em Progresso,28.060684930809572,7,353,3
2025-05-24 15:23:08.898035,18,Campanha D,0.9904791469935808,0.8999995383296261,0.13140024938323688,0.4198419904436431,288,0.23307569376438272,65,Em Progresso,31.472994816338534,12,153,5
2025-05-06 15:23:08.898035,4,Campanha A,0.7214657372285463,0.5825164396676713,0.1483405493828022,0.2554481720175776,492,0.10523451447912877,57,Em Progresso,4.144819544576409,7,267,3
2025-05-13 15:23:08.898035,5,Campanha B,0.8730681363568076,1.9764362983347128,0.012407056165936048,0.39685914872024897,251,0.11219847406927344,51,Erro,5.2073239801999796,5,143,9
2025-05-26 15:23:08.898035,10,Campanha D,0.9026295606139704,0.9728376862117418,0.018364421639782424,0.5746297937307175,974,0.4709254473948281,31,Em Progresso,44.103645664757856,9,246,3
2025-05-20 15:23:08.898035,15,Campanha B,0.9230716191380781,0.8793045463670586,0.0671302335812578,0.9512851256509631,144,0.3308574635892843,56,Abandonado,9.07701066062031,8,367,6
2025-05-25 15:23:08.898035,8,Campanha C,0.8599232918122005,1.179542909068672,0.1738930217106112,0.9427485913775137,359,0.2722909121275484,18,Abandonado,37.420691986087434,7,80,9
2025-05-16 15:23:08.898035,23,Campanha A,0.986996126842937,1.6301105709474246,0.10770361039172312,0.3892036804147968,369,0.47408956111711603,84,Concluído,50.024728867202015,15,86,3
2025-05-10 15:23:08.898035,19,Campanha C,0.9196629829016142,1.450092911687774,0.034290362030809214,0.4680944573979384,210,0.45850571438663484,77,Abandonado,1.6907480058248554,14,477,0
2025-05-11 15:23:08.898035,12,Campanha B,0.7102350983705942,1.4865457770971093,0.09547423742438961,0.770029986421384,272,0.46854176457328006,48,Abandonado,7.3473422215835535,19,300,6
2025-05-22 15:23:08.898035,7,Campanha D,0.8832008164229185,1.3916687393937492,0.05160434141331349,0.1433869918472293,569,0.49876014224760906,38,Em Progresso,29.375172708456876,11,42,1
2025-05-04 15:23:08.898035,21,Campanha A,0.8482913715526011,1.0330511395608895,0.276606674401093,0.6809303616930693,816,0.04734843118895451,80,Abandonado,28.53753062402388,7,362,1
2025-05-14 15:23:08.898035,8,Campanha D,0.8442989970285789,1.8176490621788597,0.1585106820550189,0.9229923636839628,225,0.29166173075878177,49,Em Progresso,25.08423215470528,6,313,7
2025-05-05 15:23:08.898035,0,Campanha C,0.7854335760475238,1.4114014240490778,0.06453428014388414,0.5297725053055726,297,0.2940071786873482,20,Erro,48.15513691548387,17,378,0
2025-05-20 15:23:08.898035,6,Campanha D,0.9391445197430549,0.4406863215225335,0.1388406101633541,0.7175163858705407,952,0.3562725689639301,21,Erro,3.5653860017805914,17,220,1
2025-05-21 15:23:08.898035,19,Campanha A,0.8975840498924126,0.7070641099297786,0.07451302159319396,0.8851169306193303,670,0.44461550813371553,4,Abandonado,26.21551883418988,16,376,8
2025-05-01 15:23:08.898035,12,Campanha D,0.9658833521771792,1.784733038157883,0.27102173493385184,0.7343039963489347,487,0.23927463160531953,26,Concluído,42.856234769689635,4,282,1
2025-05-03 15:23:08.898035,20,Campanha A,0.8224458182567804,0.8293477561373115,0.03437106268049698,0.5910133430236166,165,0.4006098008076198,21,Concluído,55.29247976795566,15,185,6
2025-05-22 15:23:08.898035,12,Campanha D,0.7743617483401655,0.9051861490279451,0.09717350890538444,0.44011294701723724,612,0.15887060226509556,77,Erro,18.863624205419242,13,484,9
2025-05-04 15:23:08.898035,17,Campanha D,0.8178169133375156,0.1260508172796878,0.12614850505699754,0.5326482098336145,485,0.19581459716974228,49,Abandonado,21.87870463479515,13,344,3
2025-05-07 15:23:08.898035,6,Campanha D,0.860245416218701,1.6533194188436633,0.13488536976211593,0.6604083733254572,278,0.499593637986351,40,Em Progresso,37.544985274527114,4,59,1
2025-04-29 15:23:08.898035,20,Campanha B,0.8733995551269768,0.87384669733289,0.20500879492900248,0.9013023774020672,675,0.3922646531153663,71,Concluído,21.115519386490163,10,305,5
2025-05-07 15:23:08.898035,22,Campanha D,0.772461971297641,1.91176278346258,0.00848578590280733,0.6117233023177545,437,0.4806820654597447,85,Abandonado,50.25878907043,8,403,7
2025-05-19 15:23:08.898035,18,Campanha A,0.7056371664496017,1.6703052305948927,0.19550801546060662,0.9165149702140633,794,0.07266279957677346,18,Abandonado,27.681031976034856,16,210,8
2025-05-09 15:23:08.898035,13,Campanha B,0.8976336384786766,1.5104031722617808,0.18644780466510733,0.8583901331426338,669,0.26607457660685535,15,Concluído,27.069790126050766,5,113,2
2025-05-12 15:23:08.898035,12,Campanha A,0.9635849848389679,1.2836763523381416,0.017648975270195443,0.8863033027393766,767,0.41160127136252356,89,Em Progresso,4.181428982869638,7,378,0
2025-04-30 15:23:08.898035,15,Campanha A,0.7982379252683871,1.705692397876624,0.11784441764528739,0.35564970065249113,638,0.12093894794883416,18,Erro,2.2753838922158547,10,195,9
2025-05-02 15:23:08.898035,18,Campanha C,0.9903636360132625,0.9078908676441138,0.1466476337375465,0.8173267087147764,313,0.3643279418855347,41,Abandonado,5.97355989475248,10,91,5
2025-04-30 15:23:08.898035,1,Campanha C,0.8067064118543817,1.304144957198197,0.021811633026645006,0.1990689484809613,827,0.21047694620275903,85,Erro,26.505955470897465,4,291,1
2025-04-29 15:23:08.898035,6,Campanha A,0.9179316818493441,1.4508626858564426,0.11555986034958413,0.8356137688159441,866,0.08297979315281705,43,Em Progresso,59.64173666250022,13,466,3
2025-05-14 15:23:08.898035,2,Campanha D,0.7009127043633567,1.5675517193352744,0.27161524669469483,0.2974632535931345,235,0.2019947054299428,91,Erro,42.410719142209395,4,467,5
2025-05-23 15:23:08.898035,9,Campanha D,0.9872307273062608,0.8615627219206428,0.1859934617231569,0.2938804719852817,532,0.1739199710971303,93,Concluído,49.54025564031461,9,145,9
2025-05-04 15:23:08.898035,18,Campanha A,0.8064056252873597,1.6819687419340088,0.03599207229479862,0.5573457485928941,874,0.2504898416217048,53,Concluído,4.5759706014206785,18,43,6
2025-05-22 15:23:08.898035,23,Campanha C,0.7090269626342539,0.34770601951588703,0.11857914261688896,0.6154938598339885,343,0.03509286850388742,58,Abandonado,26.246044129999802,4,144,4
2025-05-12 15:23:08.898035,23,Campanha B,0.8368809017192672,0.6642512801368654,0.08880206065915638,0.5412058622656253,375,0.2426037373380691,17,Erro,25.438583510963976,10,415,1
2025-05-16 15:23:08.898035,5,Campanha B,0.7580035192565279,0.35171247694190777,0.17461486508665633,0.9280894634474218,770,0.4825383348964843,77,Em Progresso,20.19051863955335,5,431,1
2025-05-25 15:23:08.898035,11,Campanha A,0.7235241773160901,1.0530684694176904,0.2849925693462634,0.789580159336372,291,0.364697612768788,23,Em Progresso,23.74933014848281,8,232,2
2025-05-19 15:23:08.898035,0,Campanha D,0.9888714387902617,0.7192048463466597,0.22428466348012507,0.25982979482363555,216,0.3887747992230043,6,Erro,58.14297095719261,11,400,6
2025-05-02 15:23:08.898035,16,Campanha C,0.9237917074854386,0.1318248262518312,0.017097389349291503,0.45679426131488854,866,0.051398006284473614,35,Abandonado,13.10751303269613,5,239,2
2025-05-22 15:23:08.898035,0,Campanha A,0.7864165915647733,0.8028058443387892,0.12596970761880202,0.3367168485102199,308,0.14775341627662708,47,Concluído,26.11797621202866,14,73,7
2025-05-02 15:23:08.898035,19,Campanha D,0.84765092106929,1.4070532154360695,0.1695067662847803,0.6266812686220052,969,0.4757851559130997,81,Erro,27.965792720454004,11,252,1
2025-05-02 15:23:08.898035,5,Campanha B,0.8753851698729517,0.3789772588325151,0.20513194326731762,0.7827581331879231,173,0.27938267674188305,99,Abandonado,39.63193090502956,18,461,7
2025-05-24 15:23:08.898035,16,Campanha C,0.9302930319780175,1.5304961648064312,0.28862971440701646,0.42937025169307297,248,0.22430079291263033,63,Abandonado,28.494596020306272,3,139,5
2025-05-15 15:23:08.898035,12,Campanha C,0.8344608687820134,0.7988138639438892,0.2176410283668655,0.6979161647580593,253,0.4833674320236252,92,Abandonado,18.91744181576938,9,270,0
2025-04-30 15:23:08.898035,1,Campanha B,0.8974004636064308,1.8062684662499944,0.17555200879200755,0.2343139820204304,882,0.4278444931572327,46,Concluído,48.071298654814534,3,338,6
2025-05-13 15:23:08.898035,10,Campanha C,0.981541099050043,0.4009342861369096,0.13329781637065968,0.61951691314624,646,0.44161321873659204,63,Em Progresso,45.72776588232596,11,140,4
2025-05-24 15:23:08.898035,12,Campanha A,0.7956886940487128,1.9579987031687731,0.07028162327765244,0.7072573662314927,339,0.11439504911855057,69,Concluído,49.43253759582276,9,351,6
2025-04-28 15:23:08.898035,15,Campanha B,0.9982728183975618,1.4527121726373797,0.1212771624502317,0.9480325923444164,726,0.47368083858614085,31,Concluído,5.06131070414436,4,171,7
2025-05-10 15:23:08.898035,18,Campanha B,0.769646806423066,1.062024839578166,0.0807834109446249,0.5565649480219692,756,0.396772661239816,12,Abandonado,3.2023433947263795,11,22,2
2025-05-23 15:23:08.898035,5,Campanha D,0.7873491317790519,0.7274587986620918,0.09710139731075819,0.13285306158010474,575,0.1558247520771452,41,Erro,9.549838905613727,12,375,6
2025-05-19 15:23:08.898035,15,Campanha D,0.7904810990988269,1.0471321474172024,0.17584685327608335,0.22329297508679868,214,0.24771777309235937,57,Em Progresso,20.497401719134825,6,468,0
2025-04-29 15:23:08.898035,21,Campanha B,0.766136264067773,1.4893118999990804,0.1654870891559916,0.7716076720394609,294,0.3019027735046713,31,Abandonado,38.79550240488327,10,340,5
2025-05-17 15:23:08.898035,14,Campanha D,0.8991394602680609,0.6417785977049967,0.09551682978842005,0.8556084015099095,761,0.48665757919555397,80,Erro,3.8065383931615813,6,106,3
2025-05-16 15:23:08.898035,11,Campanha C,0.9257681099658306,0.7185309663422174,0.10112729514848198,0.3227384183182936,987,0.1045129093247757,45,Abandonado,16.664867910240083,3,459,0
2025-05-13 15:23:08.898035,11,Campanha B,0.8868957270392333,1.195427666710732,0.05295753706521208,0.655040979999794,122,0.12846203211660645,10,Erro,5.634592566431076,7,92,0
2025-05-03 15:23:08.898035,10,Campanha B,0.8196990406246512,1.4772595230349006,0.2870193696501795,0.8620996859264805,892,0.11699868609021875,24,Abandonado,44.40019810001389,7,360,7
2025-05-05 15:23:08.898035,11,Campanha B,0.8244992779179153,1.4713488603684934,0.1526672425697085,0.3937135809327956,510,0.3343972709037498,32,Em Progresso,43.61610447467876,14,183,8
2025-05-24 15:23:08.898035,5,Campanha D,0.7267426508588429,1.8323377060322061,0.10344729728954939,0.12429711481093707,933,0.4731096795584248,54,Em Progresso,20.228753826662476,7,208,4
2025-05-13 15:23:08.898035,11,Campanha A,0.8109741470487701,1.5773351489341474,0.255897667301257,0.6985137978712175,256,0.4921059837220986,85,Concluído,52.679128125209935,16,55,0
2025-05-24 15:23:08.898035,14,Campanha D,0.9886350929143719,0.8189354889571143,0.18199178476042607,0.9017511772757374,473,0.11858622515905629,9,Concluído,17.87164903945344,15,69,0
2025-05-23 15:23:08.898035,6,Campanha C,0.7952042236559668,0.34520698028508257,0.19371538915107378,0.6566218358086501,627,0.23578127826650602,36,Em Progresso,44.26005815066651,3,481,3
2025-05-26 15:23:08.898035,13,Campanha B,0.8328295591464121,0.44081934527916145,0.07998509578379615,0.723431556037757,181,0.16190120947111789,17,Concluído,41.34171772459075,7,212,0
2025-05-02 15:23:08.898035,18,Campanha D,0.8404699572092525,1.056211069597613,0.08841093411798838,0.5651344195017873,435,0.05018057279174337,29,Erro,45.83078461425967,16,101,2
2025-05-10 15:23:08.898035,1,Campanha B,0.9591832971650076,1.8301794630161146,0.13016831352700128,0.5174067895303079,251,0.3474573627372469,63,Erro,40.43322290266301,12,371,7
2025-05-02 15:23:08.898035,12,Campanha C,0.9467116849701603,0.9838350657530883,0.14883390255686998,0.24923530767107377,613,0.45000547061841256,67,Abandonado,15.665591735059364,6,273,1
2025-05-13 15:23:08.898035,23,Campanha C,0.9212907688694676,1.6175715167752664,0.1399425329213628,0.5965807153259881,672,0.23379531066328363,58,Concluído,59.79461749112546,14,428,0
2025-05-23 15:23:08.898035,7,Campanha D,0.8405562276302749,0.6424054542516214,0.05003931191053751,0.6376931072118117,680,0.49584234129693106,87,Abandonado,46.462660677639114,11,374,7
2025-04-29 15:23:08.898035,4,Campanha D,0.9322102418178244,1.0838801934954774,0.18287060125138016,0.7733116674956066,587,0.24148060719089312,98,Em Progresso,30.84199369696587,5,431,3
2025-05-26 15:23:08.898035,10,Campanha D,0.874842095691835,1.7291733152668318,0.19211053305428344,0.1694496999598764,456,0.4510625815652998,69,Concluído,4.49579295564295,16,221,5
2025-04-28 15:23:08.898035,18,Campanha B,0.7655544142292614,1.026817979002877,0.079869432238108,0.3143071942065042,373,0.26155323814554465,56,Concluído,39.66162932382531,13,492,4
2025-05-16 15:23:08.898035,8,Campanha C,0.8237226730449705,0.7519441731670843,0.10580882026154674,0.9202677200533395,620,0.2561698803573092,22,Abandonado,25.993069281927248,13,201,4
2025-05-22 15:23:08.898035,8,Campanha B,0.9808419252738287,0.24235784777797792,0.15401854614655983,0.5678605955726257,841,0.31831123397806466,68,Erro,19.210586255132746,7,366,2
2025-04-28 15:23:08.898035,18,Campanha C,0.8949829369399325,1.5465841357537844,0.04616819583278392,0.43407739244299504,675,0.3973196616890657,26,Concluído,11.89800593510071,15,167,6
2025-04-29 15:23:08.898035,17,Campanha D,0.880936632030523,0.5611111950919612,0.22938877749907036,0.9360540684556066,240,0.3614524817866877,91,Em Progresso,43.13810080925509,8,214,8
2025-05-10 15:23:08.898035,1,Campanha A,0.9826810564176005,0.6178320318060017,0.02113455165523116,0.5962464535620082,286,0.4539646758821418,87,Concluído,17.57483182309229,15,355,3
2025-05-22 15:23:08.898035,16,Campanha C,0.7382788663384816,0.5314430366514397,0.26707450485340783,0.3947876716502181,849,0.17787185803139413,70,Em Progresso,22.43903201498083,7,476,9
2025-05-14 15:23:08.898035,23,Campanha C,0.7165737684226372,0.13203303743177766,0.14450271397002237,0.24029821561766979,776,0.04343815934438685,57,Em Progresso,32.38007854639946,12,246,1
2025-05-22 15:23:08.898035,18,Campanha D,0.9023457626084761,0.6281561683116456,0.27926708735174727,0.1253996638426229,811,0.3677123749032854,62,Erro,36.68204832826141,10,85,2
2025-05-16 15:23:08.898035,12,Campanha C,0.8556101529695634,0.48668834275076256,0.02470939884948904,0.792714808664925,523,0.0688272665254758,47,Erro,53.33260661826124,15,435,9
2025-05-17 15:23:08.898035,19,Campanha B,0.8446889888446278,1.4878311848048855,0.22620632373011537,0.10762916838065954,334,0.1610065973054909,74,Erro,38.75491185201506,13,374,0
2025-05-07 15:23:08.898035,2,Campanha B,0.9672725352235798,0.6665526968072716,0.08659092353285487,0.38924932355365593,760,0.2496258170097682,92,Em Progresso,44.31600659519534,9,186,4
2025-05-03 15:23:08.898035,3,Campanha B,0.7303330750789606,0.7203311330215314,0.1566829664412457,0.7049078329711751,227,0.15029839444414422,13,Abandonado,1.6873582374115488,3,375,3
2025-04-30 15:23:08.898035,13,Campanha D,0.8871474486610093,1.130598588454789,0.14745793547202646,0.14527562240484432,738,0.015862178189627138,99,Concluído,20.070032024298992,3,32,6
2025-05-04 15:23:08.898035,20,Campanha C,0.8664733784114487,1.2670276920192087,0.24263547971241053,0.4209030861298415,162,0.25502292525038484,83,Erro,11.407478120198846,17,314,6
2025-05-22 15:23:08.898035,22,Campanha C,0.8180846301323699,1.9395002909452943,0.11184318552127473,0.7537573780971923,234,0.037308630633634744,32,Em Progresso,4.186499628490822,18,488,8
2025-05-20 15:23:08.898035,22,Campanha C,0.7081796388149255,1.535355561640709,0.28540108460916036,0.3199344648042162,573,0.43220405947810364,82,Em Progresso,23.4416454780475,8,478,9
2025-05-02 15:23:08.898035,2,Campanha B,0.7102028966582011,1.627087007606526,0.09619382748971757,0.8368354478137217,973,0.37177295945642613,43,Erro,43.100512227559875,18,390,2
2025-05-08 15:23:08.898035,13,Campanha A,0.8224594387174899,0.9366401536198613,0.14731823125842325,0.1112507439409546,948,0.26271192178599234,67,Abandonado,21.196924279028483,10,478,3
2025-05-16 15:23:08.898035,4,Campanha D,0.7971915921550895,0.38541104029527407,0.12004019443368741,0.7672706367456196,557,0.07136793644110578,26,Erro,35.92279008874819,18,367,8
2025-05-08 15:23:08.898035,13,Campanha B,0.7352791079012769,1.4246897597257002,0.011767398288184416,0.5088762972934204,545,0.11338234529666152,99,Em Progresso,57.454281367799844,12,245,5
2025-05-19 15:23:08.898035,15,Campanha B,0.9695663055612946,0.34024448216499037,0.1837875356462854,0.7977654942915127,379,0.11916513830892198,57,Abandonado,26.1462907052475,17,481,5
2025-05-08 15:23:08.898035,11,Campanha D,0.7286467467891194,1.8320066274969549,0.1056091570737717,0.50879202937234,285,0.4592968890316429,74,Abandonado,21.493725201473797,2,475,8
2025-05-13 15:23:08.898035,9,Campanha D,0.8067597392421799,0.6920065273164819,0.02768393811175951,0.22916660279166967,646,0.30691859512577135,38,Abandonado,32.32183840950822,18,318,5
2025-05-21 15:23:08.898035,9,Campanha C,0.8078582749618013,0.34286539033364427,0.2272220712598165,0.2904474957317848,477,0.22035356908730264,92,Erro,44.32826479098538,3,442,7
2025-05-01 15:23:08.898035,7,Campanha C,0.8744212328296985,1.1060094587554337,0.03359018435521712,0.3635641928078943,154,0.4729883973363073,83,Concluído,5.987456007086317,9,170,1
2025-05-05 15:23:08.898035,2,Campanha C,0.7488984519476264,0.9886801746949977,0.12405581379198455,0.9203677285111103,463,0.23419176752104623,61,Concluído,22.785141428278777,14,360,1
2025-05-24 15:23:08.898035,1,Campanha B,0.9918173056057309,1.3000744829081277,0.02648058767024285,0.6392209838653554,259,0.3538413752790887,83,Concluído,27.68164495379178,1,483,6
2025-05-21 15:23:08.898035,21,Campanha C,0.8281591933273345,0.7917529009061837,0.20897259204572963,0.9424801704589688,586,0.05722132911583731,68,Erro,37.819946022366956,14,386,5
2025-05-19 15:23:08.898035,6,Campanha A,0.8992590235805779,1.9649835008108967,0.1944595078634658,0.27320243361229846,593,0.4566984331467954,75,Concluído,34.6630115649043,8,288,1
2025-05-23 15:23:08.898035,5,Campanha C,0.8703223723543967,0.3105688809362314,0.07373582320777185,0.3398191831980707,765,0.33828924735066374,42,Concluído,6.542259163202429,3,173,0
2025-04-28 15:23:08.898035,8,Campanha D,0.8415496200886712,1.8443054558735954,0.2153258834686367,0.5732236374737969,607,0.16645092964450295,74,Em Progresso,5.490760464218612,7,337,7
2025-05-12 15:23:08.898035,9,Campanha C,0.91389677794934,1.4101014374046084,0.07688291882115553,0.27379539099078254,173,0.22004389413434666,44,Em Progresso,16.797611852322426,16,449,1
2025-05-04 15:23:08.898035,9,Campanha D,0.7260992901089792,1.182809818635594,0.14151054552165304,0.302219962291917,522,0.1647682674485797,49,Em Progresso,44.32845866314107,8,138,4
2025-05-16 15:23:08.898035,10,Campanha B,0.7449519060035471,0.4845723417538148,0.19149856735433876,0.9817273694642602,394,0.31377166256210337,26,Abandonado,54.67589079368354,11,45,7
2025-05-17 15:23:08.898035,5,Campanha A,0.9891836654321444,1.115551713094116,0.016201705560187494,0.41057698973557377,595,0.146046799473731,6,Em Progresso,12.937213054360155,6,454,6
2025-05-25 15:23:08.898035,22,Campanha A,0.7469907790089606,1.5711161475701172,0.19206349551405397,0.46154273077560015,690,0.36843228926215765,39,Erro,52.74062090739243,12,432,4
2025-05-02 15:23:08.898035,12,Campanha D,0.8691566779317073,1.2861156484898852,0.031719701162576,0.865293893505844,410,0.3285972813355301,25,Erro,2.965083331512685,4,309,6
2025-05-21 15:23:08.898035,10,Campanha C,0.88182837640533,1.9784324488650424,0.05136797350007231,0.12435950773374327,410,0.031126261493658963,31,Em Progresso,3.8077009846777456,1,105,2
2025-05-20 15:23:08.898035,16,Campanha A,0.9826011114276778,1.877296533885206,0.09860700768365872,0.38080820201538934,542,0.15473835320507692,9,Abandonado,37.387412864229766,16,276,4
2025-05-07 15:23:08.898035,18,Campanha D,0.813843421558898,0.7635459158619184,0.257642022080562,0.9037580662202565,164,0.07122565335886985,51,Erro,43.35285633852159,1,146,4
2025-05-20 15:23:08.898035,10,Campanha C,0.7446783702545354,1.7172043212273562,0.24787568969298998,0.317655356488428,236,0.19214041351187017,98,Erro,29.07922304399717,4,398,5
2025-05-11 15:23:08.898035,7,Campanha D,0.9915110020253586,0.7812278430743592,0.16562279966184537,0.9188324937014485,753,0.1665369379894591,3,Em Progresso,35.88011599691812,2,406,4
2025-05-17 15:23:08.898035,18,Campanha D,0.9869687190710967,0.6860711313190613,0.27751726501567014,0.7410742879443534,186,0.4076543149122479,18,Abandonado,19.05475869798464,16,252,6
2025-05-03 15:23:08.898035,16,Campanha D,0.728632915380273,1.0740874209612254,0.24556446333888501,0.9461848336057536,562,0.4155106614705321,92,Concluído,24.51970645717554,4,60,8
2025-05-03 15:23:08.898035,5,Campanha B,0.9482030850995399,1.7149865973988605,0.08163144414521468,0.3572642818976578,429,0.4824837255581633,21,Erro,17.302007223670984,16,121,6
2025-04-29 15:23:08.898035,1,Campanha D,0.8398536731368614,0.3282168296925172,0.20099953174880636,0.6029154187019585,252,0.22424013711953902,39,Concluído,12.31888194401964,18,495,8
2025-05-23 15:23:08.898035,8,Campanha C,0.8382708279325933,0.25577687708609526,0.24640699598610927,0.9816842192001287,775,0.014200885065571642,50,Concluído,41.03243082277246,16,346,1
2025-05-20 15:23:08.898035,8,Campanha B,0.8503812347012507,1.770341843328666,0.12783935960861947,0.7366499458640233,183,0.1302643888013835,39,Em Progresso,8.2100643876238,3,45,7
2025-05-03 15:23:08.898035,18,Campanha C,0.9558914916816924,1.1244752667909201,0.0008659180960566504,0.5384547738286988,197,0.39257218173115144,31,Erro,5.501317577646042,11,184,4
2025-04-30 15:23:08.898035,4,Campanha D,0.972073081256418,0.6362615601100373,0.03786786171369547,0.8886604503701737,369,0.44237197820691726,60,Erro,3.6992278665494713,14,444,5
2025-05-05 15:23:08.898035,21,Campanha D,0.8956916561619238,1.1097258374960055,0.18810814424139174,0.5051121941346599,477,0.0537764931057656,99,Concluído,42.43499606613713,7,296,8
2025-05-05 15:23:08.898035,8,Campanha D,0.9504487597100435,1.010400352245455,0.22474038413201716,0.4437525416346828,278,0.07324401485552871,35,Erro,15.04465993333539,13,64,9
2025-05-21 15:23:08.898035,6,Campanha D,0.8953606100441893,1.513366546118509,0.0833650591861867,0.23715531190682212,695,0.04448416885251282,53,Concluído,17.323848140001516,15,259,7
2025-04-27 15:23:08.898035,1,Campanha C,0.7090526297144607,0.7621165123952154,0.18933226549343166,0.10907918687286022,366,0.3040662200238996,13,Erro,9.839146567624466,4,137,9
2025-05-06 15:23:08.898035,3,Campanha B,0.7412711968956633,1.2369549572312142,0.12659604358509008,0.3163332352060897,983,0.1551406216299554,66,Concluído,58.60824651075358,4,223,7
2025-05-16 15:23:08.898035,4,Campanha B,0.9090045455015238,1.6843879632077023,0.15404138536124218,0.15407745732095787,171,0.23852144888986487,24,Erro,8.811198880718067,13,199,6
2025-05-14 15:23:08.898035,23,Campanha A,0.9920617062360875,0.5331484708687853,0.20245967006027005,0.4894990077099426,966,0.3383685650819534,25,Concluído,27.41379310720604,8,167,7
2025-05-03 15:23:08.898035,20,Campanha A,0.8948740454602203,0.6468270666670979,0.2089023170961844,0.4607442119539831,446,0.10890462651813088,59,Em Progresso,24.409768348795637,16,391,7
2025-04-29 15:23:08.898035,13,Campanha A,0.9878364530955008,1.7586621651449483,0.06068988529119629,0.9911013330949359,298,0.12710079909440525,49,Erro,7.916018857963653,11,32,9
2025-05-11 15:23:08.898035,21,Campanha B,0.8444962231035906,1.5017249489695754,0.11301311449493602,0.9278074968318432,285,0.417716501306414,15,Abandonado,6.519424946168842,10,128,5
2025-05-05 15:23:08.898035,22,Campanha A,0.8467882911582634,1.4435956438059947,0.20205239462335767,0.8990722076584248,632,0.11285352970263393,71,Erro,44.26319717619655,18,385,7
2025-05-19 15:23:08.898035,1,Campanha C,0.7236838445934131,1.758141677137281,0.11004122561656128,0.41225442744900986,916,0.29734521145097653,81,Em Progresso,10.745916697856527,16,329,8
2025-05-11 15:23:08.898035,11,Campanha D,0.7661780405450765,0.8028393567477892,0.052405522212999496,0.939343653736572,824,0.05602933582083085,8,Erro,49.70341396871992,13,416,8
2025-05-21 15:23:08.898035,18,Campanha A,0.9108152030747781,0.407130304757365,0.020761223489947068,0.24039365604072632,396,0.12347548240260545,82,Concluído,9.96183743691588,17,297,0
2025-05-24 15:23:08.898035,23,Campanha B,0.7754989189541794,0.7498887241649325,0.25631178382147696,0.6285121347196683,741,0.20810704785279646,24,Abandonado,47.794782719010115,7,263,3
2025-05-07 15:23:08.898035,21,Campanha C,0.8286645659641405,0.62285339083455,0.12746084731097213,0.7462755282859025,754,0.26094675185737337,48,Em Progresso,16.380424588528307,18,316,8
2025-05-01 15:23:08.898035,3,Campanha C,0.7478765509815726,1.9185144742312823,0.23879452600819528,0.17278165709821203,456,0.4503156030380604,74,Concluído,42.80468049044192,15,122,5
2025-04-28 15:23:08.898035,6,Campanha C,0.777003635970359,0.43293195486610236,0.15357850109407692,0.28026372058360616,985,0.22182578176760162,80,Concluído,51.56256549337622,19,433,9
2025-05-19 15:23:08.898035,15,Campanha C,0.9123125115058455,1.9407541685975735,0.11860565180860368,0.5203178219910565,720,0.4691012014699037,98,Abandonado,26.61357166018371,12,199,3
2025-05-11 15:23:08.898035,9,Campanha C,0.7410226719529335,1.0505795050376077,0.1863339925976254,0.2391240773228412,574,0.11278737530510302,88,Abandonado,44.577921507056246,13,334,1
2025-05-12 15:23:08.898035,3,Campanha D,0.8230687537359641,0.13156624618984397,0.2311574213840168,0.9389138715759959,457,0.3193991320287114,48,Em Progresso,56.80313551405028,5,315,9
2025-05-12 15:23:08.898035,13,Campanha B,0.8790286883764896,0.5539892313833347,0.007892557385211297,0.8828380771383301,845,0.17295502098348145,76,Em Progresso,27.889636268003223,6,78,4
2025-05-09 15:23:08.898035,8,Campanha C,0.8194155223993133,1.4791089066713832,0.056014324025935466,0.5138585663467209,584,0.014313784036834667,37,Abandonado,11.136094703795669,11,12,8
2025-05-09 15:23:08.898035,5,Campanha A,0.9571047048426249,1.1556467736410692,0.1292264513730261,0.15703506256924285,908,0.38338625059271536,32,Concluído,15.968679531097115,15,265,6
2025-05-04 15:23:08.898035,9,Campanha C,0.972714494439554,0.46662310539880913,0.16844846195412125,0.3086065223705893,712,0.3307266894216315,69,Em Progresso,49.40605463107579,19,166,4
2025-05-07 15:23:08.898035,2,Campanha D,0.7549842722703519,1.664655256593017,0.27609312520001805,0.689230329262756,236,0.15602475982473454,88,Concluído,16.425417360719976,12,416,2
2025-05-06 15:23:08.898035,7,Campanha A,0.8256604698802221,1.9045443834482036,0.041931824940808216,0.7639175472183701,242,0.49347332244425995,36,Abandonado,19.168326163722384,17,253,9
2025-05-08 15:23:08.898035,1,Campanha C,0.8364200221257796,1.5047220597264284,0.2591069781350406,0.5963169787646436,307,0.016318512866664133,3,Em Progresso,41.054376427023406,12,202,9
2025-05-26 15:23:08.898035,3,Campanha C,0.8462681057151467,0.32774083544791305,0.06779658465689763,0.8786213778217722,695,0.39267507035049887,15,Concluído,26.192509921823742,16,185,1
2025-04-27 15:23:08.898035,1,Campanha C,0.9541160400438559,0.7993180856937387,0.19304422994216353,0.9750886814001427,460,0.4816077101974998,44,Concluído,40.61633437951351,5,419,4
2025-05-23 15:23:08.898035,1,Campanha D,0.8877260807916212,0.7076447508334018,0.15693519499042888,0.6099872296679943,317,0.23668922224146907,56,Concluído,7.043357117885013,2,301,2
2025-05-11 15:23:08.898035,0,Campanha D,0.8783503524859371,0.4534847192863768,0.16147277043879776,0.28394699899187015,873,0.4552043016281073,68,Em Progresso,6.428140828559198,17,251,1
2025-05-16 15:23:08.898035,21,Campanha A,0.7043164572649551,1.648426059958861,0.14946900972677524,0.986339193181341,394,0.15073828108083387,49,Abandonado,43.67287689380541,16,237,0
2025-05-22 15:23:08.898035,4,Campanha D,0.7888141702343457,1.7532785099921058,0.09006865183038339,0.42656426848817686,923,0.15766037612655245,1,Abandonado,42.141789892766255,12,495,7
2025-05-01 15:23:08.898035,15,Campanha D,0.928989863632545,0.7248404090718984,0.03319245800362448,0.9854874519056207,944,0.1226883036814388,89,Erro,22.29884519350859,10,453,3
2025-05-10 15:23:08.898035,11,Campanha C,0.9647707015574722,1.9268550404025822,0.2881671206507402,0.8714599964304588,701,0.04429212003938253,63,Abandonado,18.603721833756524,18,163,1
2025-04-27 15:23:08.898035,4,Campanha D,0.9088239567625833,0.2923433991618912,0.09857827820524925,0.2149433150452584,184,0.24532802496363623,2,Erro,9.487557230809301,3,482,3
2025-05-09 15:23:08.898035,17,Campanha B,0.7769240250914401,1.1368539897043555,0.07289807164996664,0.5413817029719207,709,0.26971345792584334,10,Concluído,44.5668934945075,14,342,0
2025-05-10 15:23:08.898035,15,Campanha D,0.9412471854937751,1.2857291941914482,0.11652272345521433,0.7157997687425851,612,0.24736411573639427,20,Erro,37.71730469815817,7,243,2
2025-05-14 15:23:08.898035,6,Campanha D,0.831192334775662,0.6827967333603165,0.1115455010524045,0.23025548963385828,318,0.4531286636680294,78,Abandonado,4.559700430102567,2,139,0
2025-05-19 15:23:08.898035,16,Campanha A,0.7936999344660636,0.6690243170247707,0.09774362989145324,0.53329495193247,325,0.09313248067871141,37,Concluído,39.88493228103937,3,437,6
2025-05-24 15:23:08.898035,22,Campanha A,0.9276623310279448,0.39000280951666866,0.29868230656522055,0.46836935959215653,850,0.32014934065970335,35,Abandonado,36.67959101743679,12,83,1
2025-05-16 15:23:08.898035,16,Campanha C,0.8299376879737626,1.8688995715588341,0.03760696601345679,0.4798994487425593,974,0.13992376536758663,48,Concluído,37.450079191189225,2,450,3
2025-05-20 15:23:08.898035,20,Campanha B,0.8584495442866963,0.22683520352657605,0.18417508586739212,0.7342573198220127,380,0.2676068249293395,50,Erro,11.640502244264022,14,172,4
2025-05-20 15:23:08.898035,21,Campanha B,0.9033509127549246,0.9589825420979031,0.17298871346678987,0.5578630259274852,950,0.48114814274144957,81,Em Progresso,56.24167981580394,3,213,3
2025-05-26 15:23:08.898035,11,Campanha B,0.7319369287248509,1.3238301274593949,0.2252012921027003,0.34564295509524046,885,0.11868504986847868,78,Em Progresso,5.55977030478547,16,233,2
2025-05-02 15:23:08.898035,3,Campanha D,0.8881063624609462,1.0437097283419219,0.17424546616337602,0.3928725667878812,475,0.20463709042211317,62,Concluído,39.4152963737823,13,106,6
2025-05-01 15:23:08.898035,3,Campanha B,0.7675541433330565,0.33575208523221883,0.1550268803713154,0.64636982207889,170,0.16508889976325408,27,Abandonado,49.16760568510373,6,73,4
2025-04-28 15:23:08.898035,11,Campanha C,0.8627821354172192,1.022026871541259,0.07745907455514255,0.650108407946784,961,0.28605880222692154,8,Abandonado,55.466556721805865,3,289,3
2025-05-22 15:23:08.898035,20,Campanha B,0.9972368295089025,1.91327224256264,0.06067836455384844,0.4140366957240653,382,0.3612779425873301,55,Concluído,57.72499544848926,12,235,0
2025-05-06 15:23:08.898035,18,Campanha A,0.9997601264112792,1.0501151829666462,0.091730522451353,0.9735031975306485,556,0.19280975306077092,41,Erro,9.297355232095185,13,407,3
2025-05-04 15:23:08.898035,15,Campanha C,0.9493985570155791,1.4543634427684236,0.00613561903474582,0.5601928059399429,590,0.31096770028821213,69,Abandonado,58.184564708999574,13,460,1
2025-05-22 15:23:08.898035,5,Campanha D,0.937878514114237,1.68205571037322,0.2753588280893964,0.5338927505279194,862,0.20486911686484338,25,Em Progresso,15.46074358584787,2,489,0
2025-05-18 15:23:08.898035,18,Campanha B,0.9786778845574184,1.5857104906556978,0.18737521578337707,0.6297175122929533,234,0.25923168784614403,91,Abandonado,28.436251460390103,17,68,1
2025-05-21 15:23:08.898035,16,Campanha D,0.8077057495599163,1.6632253365438316,0.14122006663701095,0.1361940141829964,842,0.024200546917696703,14,Erro,32.472211226953476,17,344,4
2025-05-22 15:23:08.898035,21,Campanha A,0.9619495611467125,0.987076595084415,0.2528137618655484,0.16583727041052304,480,0.21757715854825393,69,Erro,39.781233776212886,4,470,7
2025-05-08 15:23:08.898035,7,Campanha C,0.8058489313968543,1.66381048952702,0.03913310741183623,0.41947717926755745,132,0.23239081792681288,72,Abandonado,11.691975977839594,8,417,8
2025-04-27 15:23:08.898035,4,Campanha D,0.8133511000726308,1.8463470731005183,0.18654977624159838,0.18643739422066324,754,0.0880039400274931,75,Erro,50.167116033331105,4,499,3
2025-05-24 15:23:08.898035,16,Campanha D,0.8643038327054382,0.7810802970354018,0.20112455294075507,0.16861628019601507,417,0.14696085223313377,66,Abandonado,1.4649185508345266,5,195,1
2025-04-28 15:23:08.898035,4,Campanha C,0.9256412297342862,0.4336405850499766,0.2612078062190374,0.47145680404263923,874,0.025340992797582874,22,Em Progresso,7.1356453622149205,3,181,6
2025-05-03 15:23:08.898035,4,Campanha A,0.8487925581773942,0.6598560188125798,0.032399891652205824,0.29791338089542085,494,0.26061866661699007,86,Abandonado,20.771597745449277,17,55,3
2025-04-30 15:23:08.898035,13,Campanha C,0.8527745570390404,1.752641998189529,0.1720282169576224,0.47122868498822534,191,0.2289761872122619,18,Erro,31.786783587942956,15,262,2
2025-05-09 15:23:08.898035,17,Campanha C,0.9901464905567761,0.9524992015794878,0.07016412785243244,0.47880042745809426,394,0.475496565519573,47,Concluído,24.508373999026098,18,326,6
2025-05-01 15:23:08.898035,21,Campanha B,0.9362833557185708,0.2845970539546556,0.06519084148709528,0.33726751873865196,146,0.30690959213210917,91,Abandonado,10.5109083910889,14,414,3
2025-05-06 15:23:08.898035,8,Campanha A,0.877764839651781,0.20670947361923064,0.1251130908345717,0.3577151269870381,895,0.014132291436951328,71,Em Progresso,48.22174327257346,9,103,8
2025-05-24 15:23:08.898035,3,Campanha C,0.8931492544851776,0.8168449103383448,0.04447890977591549,0.7316370245892432,632,0.20521109336369978,67,Abandonado,35.75512742729597,5,400,0
2025-05-16 15:23:08.898035,22,Campanha D,0.7796746348372643,1.879704242012949,0.06357958563470174,0.4396727053942754,117,0.40299250049578705,86,Erro,36.60112201054354,12,172,6
2025-04-29 15:23:08.898035,12,Campanha B,0.9671981580974384,1.2423261277799587,0.2539418509094729,0.42871578158933565,676,0.10056385957329099,94,Abandonado,6.9291396950544915,15,46,5
2025-05-20 15:23:08.898035,23,Campanha D,0.9763628267649636,1.2240414575530358,0.09167905841960397,0.9126592388468511,184,0.41233548472525583,62,Concluído,41.42503542772832,16,403,7
2025-05-26 15:23:08.898035,22,Campanha B,0.9119131698684719,0.37322636803471587,0.09637904052866236,0.7292874204850339,477,0.10022679376507938,57,Abandonado,31.709563689790535,5,337,5
2025-04-29 15:23:08.898035,18,Campanha D,0.7635387040949099,0.9081612649242139,0.1662242510183935,0.5244977792406467,860,0.30783070115457245,15,Em Progresso,29.93496452940198,5,114,0
2025-05-10 15:23:08.898035,22,Campanha C,0.7032471881284149,0.17757500115602448,0.01904932090712593,0.7863995516705825,106,0.23004338740526517,27,Erro,2.987754686071661,16,377,1
2025-05-01 15:23:08.898035,3,Campanha A,0.744213027171876,1.5647660138268147,0.16001714527746336,0.15010591744571722,157,0.3055730852805602,81,Concluído,9.159094641682838,16,16,7
2025-05-10 15:23:08.898035,19,Campanha B,0.8969767649582154,0.5817294613193652,0.1992435611369727,0.13774589087740802,737,0.22477823234928718,83,Concluído,10.70341718109441,9,185,2
2025-05-18 15:23:08.898035,22,Campanha D,0.7590346865308149,0.5010468510072158,0.09641746929743057,0.49511366388211053,152,0.06467083951185093,57,Erro,24.868203197319968,19,48,0
2025-04-30 15:23:08.898035,9,Campanha D,0.7367701518680942,1.0302067085295692,0.29636636729741744,0.19373439253019512,500,0.05433505381512754,72,Abandonado,39.35166321811782,11,203,0
2025-05-16 15:23:08.898035,3,Campanha A,0.7605543302576312,0.8726626091891295,0.17267364201812058,0.8860888495805299,638,0.49264031615414206,16,Em Progresso,7.797724600696222,18,25,6
2025-05-05 15:23:08.898035,8,Campanha D,0.8155968824082904,0.6897413637868656,0.1369464411166191,0.7091622253972203,280,0.17585711321584543,90,Em Progresso,48.12823786266265,12,46,0
2025-05-11 15:23:08.898035,9,Campanha D,0.792905293692705,1.026222457674075,0.06562777871672518,0.4863802934759557,879,0.1249290236799849,47,Abandonado,57.20760697868467,1,408,7
2025-05-15 15:23:08.898035,1,Campanha B,0.8545302677578017,1.7848528509342763,0.09274156034253535,0.8923160338584303,112,0.06506832368791231,69,Concluído,52.319459628002065,17,25,8
2025-05-07 15:23:08.898035,15,Campanha A,0.7464357068975049,1.609886872544408,0.2344978743897537,0.2994333024059923,333,0.25091584294004077,2,Erro,40.71771440678944,6,15,0
2025-05-25 15:23:08.898035,5,Campanha B,0.8625858633846281,0.10025629967924299,0.06883074207359871,0.8273042196587491,383,0.2408613780773465,44,Concluído,37.20842047759719,10,205,0
2025-05-07 15:23:08.898035,17,Campanha B,0.9784530080910744,0.2828509311477222,0.18234897861717334,0.6740730885738403,615,0.07259490043359172,9,Erro,31.90531183348681,8,154,0
2025-05-22 15:23:08.898035,20,Campanha B,0.8427647757847574,1.9495884104505838,0.23803135150174115,0.4612631503604345,909,0.22989480930430786,33,Concluído,23.2224884858279,9,315,3
2025-05-04 15:23:08.898035,0,Campanha D,0.8320709397995686,0.7603426574177993,0.17126756322599615,0.582990829782557,938,0.21871609802485936,39,Concluído,52.17370438712758,3,60,1
2025-05-25 15:23:08.898035,15,Campanha C,0.9142547279633497,1.5143047810590429,0.1191846339705121,0.7277806160474269,479,0.3243408941289773,41,Em Progresso,14.824949375975374,11,167,8
2025-05-13 15:23:08.898035,21,Campanha B,0.9242668518659842,1.7377561780525221,0.14311319844169013,0.14819140796613256,736,0.17307358051097244,50,Erro,56.043723268832125,5,52,1
2025-05-21 15:23:08.898035,1,Campanha A,0.8271762561915906,1.8124824183316046,0.1828497950223089,0.5934676952656891,396,0.18617673675557564,68,Concluído,42.626605963629636,14,301,2
2025-05-18 15:23:08.898035,16,Campanha D,0.759711835200502,1.12111679012406,0.13026350932952255,0.2204271597820232,755,0.12274872919737444,23,Abandonado,29.702858786599815,14,42,7
2025-05-14 15:23:08.898035,18,Campanha B,0.8735154018092983,0.7531001510239221,0.1752816002351734,0.27344231196183566,611,0.4897775908579468,76,Abandonado,24.737721045303044,13,410,6
2025-05-08 15:23:08.898035,1,Campanha C,0.8707515603639309,0.9551614329903038,0.26349788572785954,0.14927232027092513,540,0.4872083491019921,58,Em Progresso,23.245619784684116,15,138,3
2025-05-03 15:23:08.898035,12,Campanha B,0.7649932941225275,1.9103479580185772,0.11384172989405622,0.6310870938737669,210,0.31021955649487937,74,Abandonado,49.65414684017281,14,466,6
2025-05-21 15:23:08.898035,22,Campanha B,0.9129871230586268,1.5583168051553353,0.24801745923520016,0.689868990126803,125,0.25887186112880295,40,Em Progresso,40.56833597374171,15,358,7
2025-05-25 15:23:08.898035,12,Campanha C,0.9711359273778217,0.8847714890734081,0.2515235955341375,0.4889276926513374,855,0.19239628972907125,47,Em Progresso,42.072528791141224,11,293,6
2025-04-29 15:23:08.898035,10,Campanha D,0.8190290686104926,0.23830285250322591,0.1894288415566308,0.24488736297224473,391,0.03777539988133437,73,Em Progresso,56.15591890959261,19,382,6
2025-05-03 15:23:08.898035,11,Campanha B,0.7049938610305818,1.3263683728777176,0.29452316444350385,0.37327741533422276,479,0.08359651343247852,11,Em Progresso,32.97187317633127,2,314,9
2025-05-07 15:23:08.898035,13,Campanha A,0.927995552185896,1.0424702393643486,0.16977071348637462,0.7088904251567665,235,0.22250109531022028,49,Abandonado,9.871956098457112,14,471,9
2025-05-05 15:23:08.898035,11,Campanha A,0.9607179521591718,0.45492192426713773,0.29988521296349907,0.7721387986356076,718,0.36707971646752224,54,Erro,2.3040791526318607,10,311,0
2025-05-07 15:23:08.898035,19,Campanha C,0.8508203256576736,1.4290247276325427,0.06597238072564598,0.6774854189317155,915,0.486835809163779,75,Erro,20.342349917451507,13,166,3
2025-04-30 15:23:08.898035,5,Campanha A,0.9408243819459627,1.7075524503026556,0.14855894155583318,0.962749423747095,889,0.4374099120257482,87,Abandonado,17.746791440978473,9,249,0
2025-05-16 15:23:08.898035,20,Campanha D,0.7177929207012951,0.9564724674328685,0.01789171546518037,0.618615576273124,168,0.25313349675205005,57,Concluído,32.843988664380646,10,17,1
2025-05-11 15:23:08.898035,3,Campanha D,0.8374840000599305,1.7262654788197236,0.014215117834776502,0.3673936245752589,847,0.46626298531687477,16,Em Progresso,59.01256604536065,9,413,2
2025-04-30 15:23:08.898035,15,Campanha D,0.962733431641303,1.238729764098731,0.013821925259200707,0.4409990601232715,232,0.2704246106384716,53,Erro,34.70281376814707,9,247,4
2025-05-24 15:23:08.898035,9,Campanha C,0.9401265415009599,1.9003031194750333,0.1709680585124541,0.23939598403719467,941,0.13190636532524808,59,Erro,34.640943313751855,11,335,6
2025-05-19 15:23:08.898035,8,Campanha C,0.7662344612161194,1.4471365783602679,0.08171603590642336,0.9775328156429619,866,0.3771160941564001,3,Concluído,5.85271275328103,15,14,6
2025-05-03 15:23:08.898035,4,Campanha B,0.8033846811587066,1.0293116634420616,0.023389401038707024,0.8157980021600776,649,0.3048268783547432,76,Erro,34.99458270272247,5,394,7
2025-05-09 15:23:08.898035,5,Campanha C,0.7427997918845719,0.7864863429104809,0.1030495072736017,0.5086543162947559,739,0.14767410633049402,91,Abandonado,56.447063381280934,14,259,0
2025-05-09 15:23:08.898035,11,Campanha B,0.8318927008499302,0.28301572961926025,0.2334098956664572,0.21780546716957191,224,0.25057682863607167,92,Concluído,26.394881704605385,17,389,2
2025-05-13 15:23:08.898035,18,Campanha D,0.755771501210332,1.405915662422614,0.029672160520883426,0.2357683443858703,101,0.3696823312481091,52,Concluído,50.65654917149556,12,300,2
2025-05-23 15:23:08.898035,10,Campanha D,0.9824691412486833,1.1593583978128734,0.1939820534904346,0.41851050194828987,573,0.05492574233849792,10,Concluído,37.90656302302501,5,61,5
2025-04-28 15:23:08.898035,9,Campanha C,0.8094966612678448,1.449974502324063,0.22759507473823673,0.820999670423082,910,0.18528745839676797,27,Abandonado,57.80143548235026,16,168,3
2025-04-27 15:23:08.898035,21,Campanha C,0.7945969534177332,1.1725998145706429,0.13960530557775472,0.10044705277368665,321,0.39747660967170934,73,Abandonado,36.48961784198279,4,53,9
2025-04-30 15:23:08.898035,22,Campanha B,0.8727155269300086,0.9152497327282823,0.21931433337486156,0.7490007699392686,688,0.15857473922668996,75,Abandonado,59.153071564127416,14,205,6
2025-05-22 15:23:08.898035,12,Campanha A,0.79908691490608,0.35650194760956266,0.09165718203006552,0.9567117162940744,696,0.2936397851738339,75,Em Progresso,14.363530834065603,3,67,7
2025-05-08 15:23:08.898035,9,Campanha C,0.8846471369636257,1.1251241103669625,0.13519807533780748,0.7731039110059602,452,0.3482139110327329,63,Em Progresso,18.77042881444714,17,269,0
2025-05-08 15:23:08.898035,19,Campanha C,0.7564552724047529,1.4779717148500422,0.22586580073010978,0.3947457546071216,231,0.1605491828074562,58,Erro,19.26783255829319,13,235,9
2025-05-01 15:23:08.898035,21,Campanha D,0.8348298904009335,0.7404064819488342,0.1911573100827429,0.6801642386949831,690,0.38692499241978334,10,Abandonado,49.89162127641351,1,470,8
2025-05-22 15:23:08.898035,1,Campanha D,0.7815718428213717,0.5033919203135727,0.2336417907633599,0.33869775877762254,640,0.49498070531264143,44,Concluído,50.65955565865475,17,240,4
2025-05-24 15:23:08.898035,10,Campanha A,0.7011847830887681,0.760042350325321,0.25372700356357203,0.9043723061860308,464,0.44245767707554484,91,Abandonado,33.958700067612085,14,167,7
2025-05-14 15:23:08.898035,21,Campanha C,0.7497585068285902,1.8884564340030585,0.16184779094444804,0.4159125436705703,441,0.09448609049552834,21,Abandonado,51.370735917744476,19,147,0
2025-05-10 15:23:08.898035,16,Campanha A,0.7555875378390506,0.7802853109975189,0.06144284259262964,0.2586481955125174,739,0.15373409302582025,96,Em Progresso,25.732788422864353,5,255,6
2025-05-09 15:23:08.898035,0,Campanha A,0.9999339880445994,0.7220671803305221,0.06757406233447373,0.985583511319377,180,0.48211940925878966,44,Em Progresso,10.992440671991826,2,86,5
2025-05-22 15:23:08.898035,6,Campanha D,0.8315342168846312,0.40251875014911187,0.16414790548219835,0.7627463021669906,887,0.1965275445231498,75,Erro,54.77183447221299,13,456,8
2025-05-14 15:23:08.898035,2,Campanha C,0.900735709883286,1.9893571015618097,0.0826478359588589,0.6768814716292357,230,0.3544873858167107,44,Abandonado,24.661792990096238,6,38,2
2025-05-06 15:23:08.898035,5,Campanha D,0.9203707837472723,0.1656621298149233,0.27188093544786546,0.25057434780619525,847,0.2818148691793762,71,Erro,56.28161472103614,1,419,0
2025-05-06 15:23:08.898035,9,Campanha A,0.942140094445343,1.0532561755024321,0.022779491320281807,0.6330451539692742,176,0.38650685240953636,16,Erro,11.076258490552533,3,336,7
2025-05-09 15:23:08.898035,3,Campanha A,0.9651453208893606,0.11420427868489195,0.26304685857359117,0.9890460134440051,309,0.22761108033324737,77,Em Progresso,27.828264165501793,11,59,3
2025-05-03 15:23:08.898035,4,Campanha A,0.8463460039270434,0.9268952124145586,0.08051776706583345,0.35839571428392814,811,0.10522769733230875,60,Em Progresso,52.06392533788262,1,443,7
2025-05-21 15:23:08.898035,5,Campanha B,0.7805077530664402,0.15574377018937302,0.097565760788551,0.2253517090392378,265,0.2480788127835275,13,Abandonado,7.959410524267562,8,344,8
2025-05-09 15:23:08.898035,3,Campanha D,0.9951422590471075,0.7651782930267977,0.24240442525869685,0.4030793925824794,645,0.3778912957143041,87,Abandonado,53.666861313805235,12,420,9
2025-05-16 15:23:08.898035,5,Campanha D,0.8167541218831037,1.2210090772844877,0.07456377317280101,0.21395462084025554,259,0.4742289515113241,74,Erro,40.47586953512501,6,411,8
2025-05-12 15:23:08.898035,21,Campanha A,0.732102467496147,1.9895522147730542,0.0814978082081907,0.31880353805522027,708,0.3235033043358272,13,Em Progresso,22.314909674182868,15,276,9
2025-05-04 15:23:08.898035,6,Campanha C,0.9131538551866278,0.22108566579346856,0.2707139169219826,0.5249161917935475,403,0.4961258099853432,61,Abandonado,11.673732161863583,19,404,8
2025-05-07 15:23:08.898035,10,Campanha A,0.793709672741911,0.8523910473830614,0.14288071706281938,0.8451817574370646,945,0.1715456529634409,79,Em Progresso,22.22862668908348,8,84,8
2025-05-20 15:23:08.898035,17,Campanha D,0.9544108219667753,0.8657477125087443,0.026328547331378602,0.2945707688228316,578,0.06789685512496017,9,Abandonado,2.374776144064408,4,448,3
2025-05-02 15:23:08.898035,12,Campanha A,0.7650020080295225,0.2395918190488192,0.09887224604992714,0.5301660490759853,928,0.28613201239864056,41,Em Progresso,38.213780272950814,5,85,7
2025-05-09 15:23:08.898035,13,Campanha C,0.7314855971576253,0.39588025436399643,0.06023986284272961,0.19250004121664116,541,0.2052101576804143,22,Concluído,55.09035472016197,2,493,8
2025-05-10 15:23:08.898035,14,Campanha B,0.9970288119625643,0.6808983411561298,0.17581105518656662,0.24211283206502104,875,0.048315306423704144,28,Concluído,16.814754161163552,3,207,4
2025-05-08 15:23:08.898035,22,Campanha B,0.7044471348744611,0.2190546184156278,0.06898491339050002,0.6019621084654165,202,0.0861655481242487,66,Erro,51.3287162623258,14,380,5
2025-05-16 15:23:08.898035,4,Campanha D,0.8294401362853673,0.6323342291618775,0.168029937311353,0.35071190000344354,644,0.13176405078229672,91,Erro,59.19449481268763,19,425,4
2025-05-09 15:23:08.898035,7,Campanha A,0.8412190859639517,1.027400231951131,0.1859837993652643,0.7138709080012056,224,0.21552263679277303,88,Abandonado,50.12308251675372,13,35,6
2025-05-21 15:23:08.898035,1,Campanha B,0.9789080134755901,1.1602608313398086,0.23412664090316737,0.8111501822764134,173,0.41193910791927096,5,Abandonado,48.421726168962756,10,446,3
2025-05-08 15:23:08.898035,19,Campanha D,0.802384251636903,0.1742991436771415,0.13975977237612605,0.2743983072922279,526,0.15259990487716207,91,Concluído,55.038893792782424,18,148,5
2025-05-14 15:23:08.898035,18,Campanha A,0.8097675269441793,0.7223963402846928,0.15775403429152254,0.2740684525968703,831,0.3764771756741861,63,Erro,39.37822240162709,9,320,8
2025-05-10 15:23:08.898035,23,Campanha D,0.7184467135366372,0.4984496269254788,0.0910713139698294,0.6766731073947081,232,0.43756401967850445,2,Concluído,3.3057220537277785,5,491,3
2025-05-01 15:23:08.898035,7,Campanha D,0.8635689574815004,0.5810595540687531,0.26462451325189046,0.9933795991647851,133,0.2046441799809572,78,Concluído,27.929251506487713,12,218,5
2025-05-18 15:23:08.898035,6,Campanha C,0.9686795817388822,1.549240980477614,0.045863807873797326,0.7009794197723719,668,0.013423642021530971,85,Erro,44.159597591926435,19,141,6
2025-05-08 15:23:08.898035,17,Campanha B,0.9586318777750299,0.5424149673984988,0.033321810060468936,0.36214925010610155,516,0.4948123422668803,20,Em Progresso,58.49521891835559,11,372,0
2025-05-26 15:23:08.898035,12,Campanha B,0.9781961128943586,0.3251054969369013,0.13825033099989284,0.9375765821413435,491,0.2193600380824144,68,Erro,13.478007586275725,4,207,5
2025-05-26 15:23:08.898035,12,Campanha B,0.9938357266276728,0.9778770075393771,0.12127033715703851,0.862535907315426,565,0.2750680240056155,96,Erro,57.352520157407284,14,112,9
2025-05-19 15:23:08.898035,2,Campanha B,0.81313280531122,0.4758674747423326,0.05853746127525062,0.793994187986856,117,0.47728238899241315,68,Concluído,55.226469110065985,3,393,8
2025-05-05 15:23:08.898035,11,Campanha A,0.9861884328119317,1.3944025178397177,0.02393244974139983,0.7145796874932383,778,0.4253278254802922,89,Em Progresso,26.246289943044914,18,428,3
2025-05-04 15:23:08.898035,22,Campanha C,0.7716009112147008,0.2436341097641284,0.26641560236512346,0.4431259904064464,987,0.23618020692781588,15,Erro,20.664221757042977,7,364,3
2025-05-02 15:23:08.898035,7,Campanha C,0.7626770246249626,0.3421285364569129,0.2387454497683917,0.6579601861026504,729,0.0846443772830495,23,Em Progresso,19.402342468921855,16,190,2
2025-05-15 15:23:08.898035,9,Campanha B,0.7955372302772973,1.2940536667755063,0.09526442026316596,0.5825892007337161,942,0.13045654240849033,41,Concluído,13.482482624054441,13,258,8
2025-04-30 15:23:08.898035,14,Campanha C,0.708950239642419,0.9651782998701107,0.2200963534830848,0.23053017658047187,160,0.20741533549502264,90,Em Progresso,6.613731777203623,11,360,1
2025-05-08 15:23:08.898035,8,Campanha A,0.9536959166605354,0.5181852462978446,0.269375717001461,0.31831888185207197,265,0.46484092114140824,20,Erro,56.5501202486248,9,364,4
2025-05-06 15:23:08.898035,4,Campanha D,0.7823603855483521,1.2087451708683068,0.2731571415968962,0.803224823600286,345,0.4819592008455461,11,Em Progresso,1.6595247050843815,10,38,6
2025-05-24 15:23:08.898035,13,Campanha A,0.8872026150832644,1.1632873182384516,0.17530742689862508,0.8842888299334646,419,0.13163962462732787,8,Em Progresso,52.559329818091385,13,212,3
2025-05-26 15:23:08.898035,21,Campanha C,0.75721626758746,0.9167495503093372,0.1993607729617813,0.24321239776828418,182,0.32744109800769805,82,Concluído,19.328428307529947,10,351,0
2025-05-12 15:23:08.898035,13,Campanha D,0.7276181161943899,1.5728992323534174,0.23943142761494807,0.3495974438018127,420,0.4892034777922091,28,Concluído,59.52150723193147,11,482,0
2025-05-14 15:23:08.898035,19,Campanha C,0.8388016901049928,0.7239683382125665,0.2337012912835715,0.8873310254305227,615,0.02673190896431528,51,Concluído,35.67360478778802,12,362,1
2025-05-14 15:23:08.898035,20,Campanha D,0.7056268457759916,1.4468394942241445,0.11472916302749411,0.7733128897273231,372,0.17374855083996593,23,Em Progresso,55.92622542108327,15,329,6
2025-05-12 15:23:08.898035,10,Campanha A,0.8529598079593426,0.24622157672605033,0.03191780998739408,0.7580838447732777,875,0.3606000083979942,16,Abandonado,30.158836632344077,2,15,0
2025-04-27 15:23:08.898035,9,Campanha C,0.9619996698468523,1.9290574994602927,0.15851844273228743,0.7065815750861081,477,0.4215666671722663,25,Em Progresso,40.727381971281886,1,123,0
2025-05-14 15:23:08.898035,0,Campanha A,0.813550768236661,0.8624385663259633,0.05216585757811717,0.5741168747065389,521,0.25944404935300325,30,Em Progresso,59.860982893633064,5,132,9
2025-05-10 15:23:08.898035,10,Campanha A,0.8405710604173948,1.0739732365682415,0.22236497075137612,0.6137241914393767,111,0.2688076129584651,87,Abandonado,47.296540445578174,9,284,8
2025-05-23 15:23:08.898035,9,Campanha B,0.8425230539910795,1.8453080009169325,0.27158059627658493,0.1542952795250528,301,0.14787756279386657,11,Em Progresso,25.61939072306773,7,111,1
2025-05-11 15:23:08.898035,11,Campanha C,0.8505475063512979,1.2141686385958845,0.2054300648194849,0.6612994309269807,254,0.03688239737276379,64,Erro,55.56664306489085,9,75,3
2025-04-30 15:23:08.898035,20,Campanha B,0.843139211972469,1.343285188842103,0.21366405119769835,0.7949056251481199,122,0.17928724105784272,53,Erro,59.87732192649429,13,135,5
2025-05-13 15:23:08.898035,6,Campanha D,0.8585960280837173,0.7286652603598691,0.1504794381373629,0.2777987500605522,809,0.2930822148858499,74,Erro,19.361323420658746,8,59,8
2025-04-28 15:23:08.898035,2,Campanha B,0.9884043931249948,0.4110302252202427,0.13567908273863669,0.43300563408504056,974,0.055048527275519295,11,Concluído,12.935221761211539,13,285,5
2025-05-22 15:23:08.898035,7,Campanha D,0.712445277719583,0.7521067563445214,0.07640223295289483,0.16004385814669958,559,0.0897053993722033,84,Em Progresso,21.633029790685736,6,115,6
2025-05-13 15:23:08.898035,3,Campanha B,0.7097346269378532,1.8564023627658277,0.17565448524664393,0.650469606317441,773,0.49348440816709804,56,Abandonado,57.783968183922454,14,93,9
2025-04-27 15:23:08.898035,20,Campanha A,0.8821369562571403,0.41562858311949324,0.2545308694065886,0.6631986481488737,774,0.13003393150042644,65,Em Progresso,49.56144449291052,19,408,8
2025-05-21 15:23:08.898035,9,Campanha B,0.7623071049956561,1.428986029704086,0.22321782520304873,0.528202001854211,439,0.20373328816234765,58,Erro,29.117902104745454,17,359,6
2025-05-22 15:23:08.898035,8,Campanha B,0.7744555114460449,1.2345932504583312,0.1492224433722164,0.7464425833418608,792,0.06298696811751749,24,Em Progresso,34.3764544441231,12,131,7
2025-05-26 15:23:08.898035,2,Campanha A,0.9688034141330436,1.0505224224200418,0.16946347080851282,0.7711980056489619,470,0.3264506230412853,53,Concluído,15.106416243547395,15,379,0
2025-05-21 15:23:08.898035,3,Campanha A,0.7137204848571018,0.18966152902864045,0.060165206029213825,0.7579201839637691,894,0.3186013291241754,18,Concluído,58.8266569974821,17,205,4
2025-05-21 15:23:08.898035,6,Campanha A,0.76885999568878,0.9923937640679616,0.21604079030522022,0.12939432724113742,161,0.21834644449540253,68,Erro,16.371295192313532,7,461,1
2025-05-13 15:23:08.898035,2,Campanha A,0.9099638886495478,0.902048124992152,0.1777081449000997,0.7440745307181282,211,0.29285285495450575,64,Concluído,7.246192738699992,4,443,9
2025-05-13 15:23:08.898035,18,Campanha C,0.8847094422036563,0.1029595538168932,0.019516696643923404,0.3267704137972698,592,0.1890226817962783,61,Erro,35.65065584188703,9,218,1
2025-05-20 15:23:08.898035,2,Campanha D,0.8167700375224007,1.569528016516047,0.21596605985935913,0.530742561250977,588,0.16693603654362593,17,Em Progresso,9.03808432804567,15,154,6
2025-05-22 15:23:08.898035,14,Campanha C,0.8674545999300168,1.4138750961652184,0.2927296985863382,0.9121492219142633,639,0.2693592587778023,20,Em Progresso,10.342782919517305,17,80,7
2025-05-12 15:23:08.898035,20,Campanha C,0.8522397272068849,1.0872933202637474,0.08468091185536435,0.10962411465470413,670,0.44726644706604235,95,Abandonado,20.848181405467436,13,342,7
2025-05-17 15:23:08.898035,2,Campanha A,0.8623317567103612,0.33153209708042664,0.1032005213668994,0.24602454679483793,916,0.32236033624134447,62,Abandonado,46.689093550999985,3,56,0
2025-05-04 15:23:08.898035,21,Campanha C,0.9954427884676575,1.2824800290172644,0.024664253390190672,0.5749957766437334,383,0.39859007976377625,44,Concluído,58.63596755443024,1,396,2
2025-05-02 15:23:08.898035,22,Campanha A,0.7343728850945128,0.5487029698277905,0.23318031750825324,0.920531217502767,475,0.2957805615916249,66,Erro,37.93199361661334,17,341,4
2025-05-04 15:23:08.898035,0,Campanha B,0.9905974233758225,1.039564860421112,0.2234932389357837,0.5058660241485127,369,0.11258634142501717,8,Concluído,4.635115549499178,18,341,1
2025-05-09 15:23:08.898035,5,Campanha A,0.8085034564916923,1.0910022289778765,0.037739520848860605,0.9256106354799228,659,0.11838404127773235,45,Erro,37.20953158698292,1,115,7
2025-05-24 15:23:08.898035,9,Campanha B,0.9664462993992657,0.4519849778595614,0.18342227834500158,0.1272038880179638,709,0.2545058072634478,76,Em Progresso,15.725369847633116,4,360,1
2025-05-04 15:23:08.898035,1,Campanha B,0.861870754817807,1.157440501795095,0.27607038769754827,0.4086608448596277,681,0.18923817977081098,67,Em Progresso,42.11353930938971,17,22,8
2025-05-17 15:23:08.898035,8,Campanha A,0.7722597636133648,0.41081617469152076,0.09126170171792632,0.9187783819637568,563,0.4461714532155995,98,Abandonado,41.808661497634375,5,125,6
2025-05-12 15:23:08.898035,0,Campanha A,0.7641648683127954,0.5228296861055096,0.17774164812304086,0.3313926702748856,961,0.33390430498801793,95,Concluído,29.05804154262819,10,40,6
2025-05-26 15:23:08.898035,17,Campanha A,0.7426438478213081,1.3448535363345657,0.2786093811894838,0.9803295749031402,569,0.3832340055456799,44,Abandonado,6.792621225006273,4,69,8
2025-05-17 15:23:08.898035,12,Campanha B,0.9348222241464668,1.68181366167892,0.191796951217809,0.32325355933961597,538,0.04957952486935965,68,Em Progresso,55.694413045944145,1,156,6
2025-05-13 15:23:08.898035,4,Campanha D,0.7053653682685089,1.3643655427235113,0.29343119918961325,0.6046961532993487,175,0.2460249811309284,74,Abandonado,50.26813271029143,5,266,1
2025-05-13 15:23:08.898035,0,Campanha D,0.7503151500375584,0.8184122331810132,0.003020665917242682,0.7698680405794143,295,0.2688887461099923,70,Concluído,17.20485020119374,5,468,9
2025-05-22 15:23:08.898035,1,Campanha C,0.8790379299850409,0.503795750748088,0.21518096979917167,0.37956932097833684,149,0.1761234364234336,99,Erro,47.653380293251395,16,97,1
2025-05-26 15:23:08.898035,23,Campanha B,0.7208127703363063,1.9486399361844868,0.25867907895259173,0.3180409511384715,212,0.1066897539821499,62,Erro,3.04762724175896,3,225,8
2025-05-07 15:23:08.898035,2,Campanha B,0.8722789361336178,0.6804682425033871,0.2264820637007919,0.10682735740885857,965,0.2517315823881126,1,Em Progresso,25.40361149178134,7,495,8
2025-05-05 15:23:08.898035,11,Campanha A,0.9937845420335925,0.4390873090698404,0.14676990097027875,0.19817089850112646,257,0.0424766919198008,54,Concluído,16.472724302238127,3,402,6
2025-05-11 15:23:08.898035,13,Campanha B,0.8932618163110976,0.14521535677634587,0.033325019208860995,0.718117891224739,797,0.31304438493235726,79,Erro,10.945073354931415,14,96,1
2025-05-14 15:23:08.898035,8,Campanha C,0.9311908695770963,0.8736516742321729,0.15359283024029163,0.7928588982358582,736,0.026644407917976835,51,Erro,19.11133791659903,10,90,7
2025-04-29 15:23:08.898035,17,Campanha B,0.7256811062770748,1.5625458024197325,0.19797084976779394,0.7573269885094537,162,0.08735834716726876,36,Erro,19.049099700418633,4,466,9
2025-04-28 15:23:08.898035,22,Campanha A,0.7395177335972161,0.29656010055278825,0.043040744672104135,0.4102028434760927,468,0.11130152759761504,20,Concluído,57.65521705796457,12,229,6
2025-05-04 15:23:08.898035,19,Campanha B,0.7653104495612933,0.41381537904400556,0.0013883824636396257,0.8516998083229794,522,0.12466777739223513,30,Em Progresso,36.9731232084298,16,63,7
2025-04-27 15:23:08.898035,12,Campanha C,0.9727329961999203,1.5236661168379833,0.11687958809297938,0.43637849304115395,820,0.09082209842814881,78,Em Progresso,40.34152212195863,12,270,6
2025-05-23 15:23:08.898035,13,Campanha A,0.9359102218683193,0.11847661869497719,0.29203894950738063,0.9541129501240428,540,0.49252988766233124,22,Concluído,54.88139154237521,1,278,4
2025-05-20 15:23:08.898035,14,Campanha C,0.7175129725165006,1.220399451614569,0.061362120346877276,0.7503074809805784,470,0.41353025043440017,9,Em Progresso,36.25928819918912,17,180,7
2025-04-28 15:23:08.898035,14,Campanha B,0.7350617200628965,1.8823329563577844,0.1318220997538359,0.3768807157323931,859,0.08445174799285284,27,Abandonado,16.10801578607807,10,151,8
2025-05-05 15:23:08.898035,22,Campanha D,0.986138113246849,1.1748838619210296,0.06534166491414507,0.7213752400320658,343,0.3054915647638974,15,Abandonado,8.976606270705785,2,275,2
2025-05-16 15:23:08.898035,2,Campanha C,0.8225884730947102,0.5931730242497024,0.25981121276381175,0.13178486851745835,784,0.3589928053229055,86,Erro,9.52582027759135,15,113,0
2025-04-30 15:23:08.898035,2,Campanha B,0.7397046980112995,0.2908930627260341,0.2822034469549967,0.7286055919387847,461,0.20825428743868804,25,Erro,18.90270901739613,1,253,1
2025-05-22 15:23:08.898035,3,Campanha A,0.7080195143947314,1.570451882069255,0.06074588180124469,0.6180762229621519,456,0.12106015098264106,46,Em Progresso,45.98104648832975,18,25,4
2025-05-01 15:23:08.898035,11,Campanha C,0.7448545449407499,1.7189000947872441,0.1308016769315287,0.20977551230266295,556,0.01996156313215395,46,Em Progresso,16.344585152645067,15,154,7
2025-05-23 15:23:08.898035,0,Campanha D,0.9783459158613568,1.31108394082468,0.17336529539390083,0.7203761333858187,357,0.1409590885219146,31,Erro,43.00554357750129,2,190,8
2025-05-13 15:23:08.898035,18,Campanha A,0.9206152384336509,1.084360175651472,0.2344702642479241,0.5974007382610624,249,0.38956191859519673,80,Erro,29.426677121784078,2,298,8
2025-05-01 15:23:08.898035,1,Campanha B,0.9463797792134006,0.3350935853150905,0.07207191634026319,0.2732590341265372,799,0.4668669035384222,15,Abandonado,5.53732312444128,16,429,0
2025-05-21 15:23:08.898035,14,Campanha A,0.9373553256842767,1.8963982234310977,0.07542551790644537,0.3357923329982647,295,0.15873318736183328,23,Abandonado,32.285743210262034,18,223,8
2025-05-20 15:23:08.898035,6,Campanha B,0.7057438371716159,1.0490816361215725,0.21237452204338636,0.8235868067568449,582,0.1689731594104836,5,Concluído,23.817142572888628,12,409,9
2025-05-01 15:23:08.898035,2,Campanha A,0.9726800826198814,0.9150444357928181,0.14242748765900862,0.9527518777655045,203,0.3353618331153729,6,Abandonado,42.42927860379076,7,362,0
2025-05-09 15:23:08.898035,14,Campanha C,0.9782738298755711,1.7243215352996974,0.05338226368361247,0.3963121968723915,351,0.1383421206628715,28,Concluído,36.00573992660107,13,470,9
2025-05-23 15:23:08.898035,12,Campanha B,0.7974561238653275,0.5861115831860063,0.09231238364275893,0.25821837906636985,307,0.09949932159186362,55,Em Progresso,52.72751916804878,18,160,2
2025-05-01 15:23:08.898035,20,Campanha B,0.7431380150198001,1.2495218624694064,0.038851471558630564,0.25653547538201077,245,0.28368374603928337,74,Erro,34.138321421600686,12,435,5
2025-05-25 15:23:08.898035,2,Campanha D,0.7325922508969759,1.009081050446228,0.05859275599045542,0.4005870949564241,733,0.2937374686684473,70,Concluído,58.730547680815505,1,228,0
2025-04-30 15:23:08.898035,20,Campanha A,0.7602189366136093,0.7072828791472644,0.011230566595862357,0.6591283319666592,149,0.20162591292240997,3,Erro,4.679767053085284,10,339,0
2025-05-01 15:23:08.898035,7,Campanha D,0.7680447878118378,1.4071932230252697,0.04218042697654447,0.23612157600614686,187,0.2719882119521232,47,Concluído,39.11550939411819,19,390,5
2025-05-02 15:23:08.898035,16,Campanha D,0.7276848072624155,0.3799420498537167,0.05402617124083603,0.5792713429641394,323,0.3806256795078073,40,Abandonado,18.305622129012345,7,268,5
2025-04-30 15:23:08.898035,15,Campanha D,0.7876747263633854,1.7692561425518953,0.2985270997836763,0.4612641610878727,724,0.2265794454185548,15,Em Progresso,56.97162760953513,9,386,9
2025-05-21 15:23:08.898035,10,Campanha A,0.7196985893955793,0.2323083319289755,0.030519167540603985,0.6590337436648512,926,0.24758575080608733,31,Abandonado,27.463092274109673,5,497,6
2025-05-12 15:23:08.898035,4,Campanha B,0.9505558870672409,0.119994100685345,0.0034219457332211657,0.363411531366697,294,0.36632128928215413,62,Em Progresso,52.01700371522929,15,82,2
2025-05-09 15:23:08.898035,2,Campanha D,0.8898594558401562,1.553114563787468,0.14329803204641786,0.7210775976254757,547,0.4253631876888685,21,Concluído,31.125591812238923,2,259,4
2025-05-07 15:23:08.898035,5,Campanha D,0.7006792259176993,0.21893130712435516,0.010083783612289532,0.27357079944691776,787,0.17637561892285386,66,Abandonado,1.670466380582258,1,376,5
2025-05-24 15:23:08.898035,5,Campanha D,0.8666765034077949,0.2933405011508782,0.09002668027648586,0.3657775737403697,840,0.0448179632869417,54,Concluído,19.869138994479744,13,99,0
2025-05-25 15:23:08.898035,11,Campanha D,0.7555234400539198,1.2558072375724851,0.26907953602469536,0.9594226434429913,551,0.28578229278502676,95,Erro,20.221551770589976,17,99,2
2025-05-26 15:23:08.898035,7,Campanha C,0.889770367447508,1.253662375175215,0.2623258992142006,0.5419813379321466,308,0.165042603752971,51,Erro,44.31884846704448,10,119,2
2025-05-01 15:23:08.898035,5,Campanha A,0.9983556525752901,0.5672578337341114,0.030681107073631617,0.5714541694318882,321,0.21021647265819593,61,Erro,4.15256207846539,9,209,4
2025-05-05 15:23:08.898035,18,Campanha C,0.8389135167954826,1.2445152619666493,0.18887917792163555,0.4012278241942986,143,0.27228037076820033,98,Erro,32.83896131515245,10,477,9
2025-05-19 15:23:08.898035,18,Campanha B,0.9829897684527011,0.2659937862984959,0.203107564875081,0.547471807503307,350,0.2131981840704025,12,Erro,41.77240092679165,14,372,6
2025-05-26 15:23:08.898035,1,Campanha A,0.9796213810285723,0.6578534700189143,0.1458769314908789,0.5990256069255685,541,0.27592532776173967,54,Em Progresso,11.132924175494896,8,477,0
2025-05-20 15:23:08.898035,9,Campanha D,0.8723638087845046,0.3034992176760498,0.21434492060730811,0.6646829945998592,139,0.0579579785812215,62,Abandonado,29.440953327131062,9,120,6
2025-05-21 15:23:08.898035,23,Campanha B,0.8263611024636235,1.132511233330866,0.2587917599797347,0.7540417004336812,974,0.4448430900448054,81,Em Progresso,15.955008423917121,12,326,1
2025-05-09 15:23:08.898035,3,Campanha A,0.9596103747907565,1.158908940843914,0.18003875381443804,0.48141885320108657,136,0.08782268629372153,96,Concluído,31.74103013321941,3,294,9
2025-05-04 15:23:08.898035,0,Campanha B,0.7711384669348418,0.1385177010069403,0.21392577877716065,0.17938409626510327,163,0.16104243393373002,11,Erro,20.59698515801292,11,93,3
2025-05-20 15:23:08.898035,17,Campanha A,0.7342428911696152,0.2624409279047625,0.17535131636377746,0.8178778631292764,161,0.43893385039706445,42,Em Progresso,36.7718842586732,16,230,6
2025-04-30 15:23:08.898035,21,Campanha A,0.923967069128976,0.7899458677178683,0.18494771054901105,0.7077762982690429,917,0.37145253560511643,80,Erro,1.175149891431817,17,236,7
2025-05-25 15:23:08.898035,6,Campanha A,0.9602426408898939,0.2994834955394386,0.13478415694564103,0.39210567757179016,651,0.4950645459835774,28,Abandonado,8.549764088632555,13,125,5
2025-05-22 15:23:08.898035,22,Campanha C,0.8604421206802714,1.7688913772770323,0.016328343429080527,0.6959710075472215,183,0.21596055996450358,38,Abandonado,21.020988443341775,14,386,0
2025-05-16 15:23:08.898035,12,Campanha C,0.9838548126411742,0.8448650713982301,0.17619918957102565,0.15981869056293524,575,0.41347669790663627,37,Em Progresso,41.88822240697758,7,43,9
2025-05-26 15:23:08.898035,9,Campanha C,0.9899812166765543,0.4922155485125883,0.040645303821137964,0.10439330176930785,243,0.05905155472795222,10,Abandonado,48.45492779374667,12,433,5
2025-05-04 15:23:08.898035,11,Campanha C,0.9618913345343137,0.5383578166068927,0.2798679514774413,0.35868271873442337,215,0.22600674880831648,95,Em Progresso,8.40867638572582,12,389,2
2025-05-13 15:23:08.898035,10,Campanha C,0.8173721670679752,0.3433643066252653,0.04600623638532495,0.63244777097118,953,0.2215921378365673,77,Concluído,57.84226233558602,16,309,8
2025-05-05 15:23:08.898035,7,Campanha D,0.7503561643400494,0.6522658672957657,0.021309366047911525,0.37737435496322935,853,0.18738326649360368,38,Em Progresso,48.17376910950685,2,424,8
2025-05-22 15:23:08.898035,20,Campanha D,0.8810035811624986,0.4626792428470393,0.09307072656590958,0.21371665249583904,927,0.49150125301576075,22,Concluído,9.529117830499997,8,357,1
2025-05-16 15:23:08.898035,17,Campanha B,0.955161116659172,0.8275753317578018,0.26957563165234993,0.7788760717870239,519,0.20308092558252308,89,Concluído,29.249507875603484,8,414,5
2025-05-22 15:23:08.898035,7,Campanha A,0.8093763660700573,0.5589628809627976,0.08962412659791254,0.562939017212478,229,0.355555922378678,9,Erro,27.75761777918725,7,77,3
2025-05-08 15:23:08.898035,17,Campanha C,0.7486539516264409,0.7252471132299598,0.18545438529444416,0.900551371292265,196,0.4038107349958769,51,Concluído,32.68450975363083,8,295,1
2025-05-17 15:23:08.898035,17,Campanha A,0.8512627435643123,1.2651638045481692,0.0873063619181912,0.6348261808476066,253,0.24247965021453075,96,Concluído,22.37384033716454,5,403,3
2025-04-29 15:23:08.898035,12,Campanha C,0.7528565709334247,0.1421372344956778,0.14394785232905727,0.8129129481232288,980,0.21721360984739993,27,Abandonado,32.772165500532246,17,186,4
2025-05-21 15:23:08.898035,21,Campanha C,0.8630564498366009,1.5642414739516683,0.14965740559650326,0.9004899232439914,612,0.4904796524773988,81,Concluído,59.84753972863799,9,480,4
2025-05-12 15:23:08.898035,2,Campanha B,0.9011957839968193,1.7368603160415161,0.1319857786712269,0.13925869797954676,436,0.15263993320215394,63,Em Progresso,39.672099791383594,12,427,8
2025-04-28 15:23:08.898035,9,Campanha A,0.9384568735411506,1.9642357351033557,0.25967887580324023,0.37049034339214204,909,0.10796807005665901,89,Concluído,40.52747663422351,5,70,6
2025-05-14 15:23:08.898035,15,Campanha A,0.9854337228308999,0.6046902528869488,0.09271119967647275,0.8695048803876595,524,0.3913222350803778,29,Concluído,55.74340634312368,2,379,1
2025-05-26 15:23:08.898035,15,Campanha B,0.9442201638360748,0.3054187019637337,0.03354190921314911,0.4992820726803586,879,0.4794406784676791,23,Em Progresso,44.39423431440602,17,414,5
2025-05-15 15:23:08.898035,7,Campanha C,0.8770510562595176,0.7654709112346879,0.11838323513707368,0.19171865217238826,152,0.1324947663076354,99,Concluído,48.32065854344094,7,321,3
2025-05-21 15:23:08.898035,7,Campanha C,0.7794105260994232,1.1446365428735847,0.046705454285866345,0.7363337065165605,889,0.2934759864696576,87,Em Progresso,4.171082027710008,11,135,1
2025-05-11 15:23:08.898035,16,Campanha A,0.7161800197815056,1.0694369860580262,0.1227598818997232,0.3844792022802652,815,0.12822355341433714,73,Concluído,21.006700012089322,5,282,4
2025-05-01 15:23:08.898035,9,Campanha C,0.8028442278159824,0.89260132461097,0.06610595838764532,0.11727304808871176,522,0.16775459988941208,39,Concluído,8.61763196668283,4,197,1
2025-05-05 15:23:08.898035,4,Campanha A,0.9096560794996339,0.945774892305637,0.22761578606295546,0.9757862785492594,852,0.2592735863549334,85,Erro,34.051312029628605,4,201,8
2025-04-30 15:23:08.898035,17,Campanha C,0.9304363989008847,1.3125390884519812,0.16472366757258067,0.2998624284766356,378,0.2687532352013377,11,Concluído,29.38811233398633,2,259,0
2025-05-03 15:23:08.898035,0,Campanha A,0.8659487717944597,0.30750055865065706,0.04865142317327716,0.6523152422410122,342,0.03347659648848092,25,Erro,38.27810800332794,2,243,6
2025-05-26 15:23:08.898035,13,Campanha C,0.9222792183207302,1.3499783190397066,0.13680616132527465,0.24403458210439966,707,0.21314290108778353,64,Abandonado,17.779113745795716,1,152,7
2025-05-07 15:23:08.898035,20,Campanha A,0.861139706250081,1.0310201355099227,0.004443082728086045,0.16135794684988058,671,0.010207895112263004,17,Abandonado,39.05089290446976,10,260,2
2025-05-15 15:23:08.898035,21,Campanha A,0.7591510554113408,1.4417906847301687,0.013192824724833985,0.4439352127933043,712,0.46761408478096217,49,Erro,21.22286681453154,3,460,5
2025-05-15 15:23:08.898035,18,Campanha C,0.8407341999414002,0.4414133169823856,0.07212467564046128,0.3473337057804659,605,0.3288467903548914,58,Concluído,31.97599589716705,11,294,5
2025-05-08 15:23:08.898035,23,Campanha D,0.8560187275897175,0.9115566057092327,0.019009164056022397,0.7363752089180825,960,0.4085639984962143,27,Em Progresso,28.109065409076564,17,80,3
2025-04-29 15:23:08.898035,8,Campanha D,0.9453191115665073,1.392910363135851,0.045417110386825686,0.19997595956722386,224,0.18857993245595883,83,Abandonado,13.153339420233355,11,281,7
2025-05-06 15:23:08.898035,21,Campanha D,0.8152595141084612,0.7912325189670936,0.21533646952835897,0.7011756523359814,403,0.035408666168655865,39,Em Progresso,1.4907314884656597,10,305,0
2025-05-10 15:23:08.898035,2,Campanha A,0.8867379547169871,0.10204628325477476,0.15173281176945244,0.627027324559588,466,0.4119143145345201,71,Em Progresso,4.337618076548694,14,74,5
2025-05-17 15:23:08.898035,20,Campanha B,0.7512583386692786,0.9009629414033539,0.23863149231569414,0.30351038649551354,574,0.36243656627182047,59,Erro,42.21811840013202,8,372,6
2025-05-25 15:23:08.898035,22,Campanha A,0.9961165800023504,0.1855397377293097,0.04652717892728357,0.846578247365844,212,0.05203995085257257,42,Erro,19.99278896453949,8,343,7
2025-05-10 15:23:08.898035,16,Campanha C,0.8336368200613903,1.5804217236299667,0.2763801321237241,0.3557281649699633,432,0.040281260776379384,49,Concluído,57.34544995468715,14,234,8
2025-05-10 15:23:08.898035,10,Campanha B,0.872198770604037,1.1116921903556054,0.0010544903526977234,0.5641255639021316,283,0.44698503292339337,6,Erro,19.86452907568067,17,488,0
2025-04-27 15:23:08.898035,9,Campanha C,0.9019788763998396,1.040469100628201,0.04770959398852926,0.9782803412296139,278,0.23919825377733153,48,Concluído,6.198681300477005,6,17,7
2025-05-01 15:23:08.898035,12,Campanha D,0.8492088610191113,1.4274554534064832,0.22010576629205778,0.4439896142245904,521,0.09056855573576386,22,Abandonado,24.187825055680154,5,206,2
2025-05-04 15:23:08.898035,19,Campanha C,0.9308485900500993,0.7772201787660663,0.1480118480181251,0.20567141307249193,240,0.16922607066274178,80,Em Progresso,17.273297607095692,2,165,9
2025-05-17 15:23:08.898035,19,Campanha A,0.9278123851859148,0.5822703723750259,0.21377085495950465,0.41957832510502724,647,0.23047880001966856,86,Concluído,25.275958600948368,9,283,6
2025-05-16 15:23:08.898035,22,Campanha C,0.7221223964904224,1.3241037585443318,0.21888658618921059,0.9214037260018642,903,0.11558944279293226,88,Concluído,2.404099302950846,9,355,4
2025-04-30 15:23:08.898035,2,Campanha D,0.7046082215662913,1.3081929117389937,0.18808826500058612,0.8046125711286904,208,0.33921978481801385,29,Em Progresso,55.6093168417731,5,448,8
2025-05-18 15:23:08.898035,8,Campanha A,0.9130564307094345,1.6215491972703815,0.07512333741096854,0.6763153575619809,320,0.33847108768964757,76,Erro,46.7443363103957,10,23,6
2025-05-17 15:23:08.898035,5,Campanha D,0.9963144086478042,1.9530761854158474,0.29654655546796627,0.30696269911653673,373,0.37368622000715684,84,Em Progresso,16.974627847067662,12,18,6
2025-05-20 15:23:08.898035,10,Campanha C,0.7817899005900445,0.8444083329824745,0.15841925505856963,0.5652267308656014,800,0.45305393352988393,24,Abandonado,50.88555928325396,7,296,2
2025-05-05 15:23:08.898035,6,Campanha C,0.8143825167416682,1.0092996969512522,0.08369273830251851,0.45062342865662963,328,0.09755869389544661,90,Concluído,51.954869029369405,18,434,8
2025-05-11 15:23:08.898035,21,Campanha D,0.8736337190348717,0.8405022351802091,0.05707090907991166,0.7794679852934328,119,0.23743387762787382,38,Concluído,37.34549759953994,3,373,4
2025-05-14 15:23:08.898035,23,Campanha C,0.937188271982579,1.0056916941265857,0.22690554903690152,0.7975325242275823,444,0.49091560915861704,89,Em Progresso,34.017515804539855,5,210,2
2025-05-04 15:23:08.898035,16,Campanha B,0.8380545263718557,0.5961758311653893,0.2500877674606411,0.1488229957788484,756,0.2232212662853218,41,Erro,11.179290078064344,14,466,4
2025-05-08 15:23:08.898035,0,Campanha A,0.7873822791171253,0.30917524394863444,0.09430806488410472,0.95974948954691,499,0.4934086979284614,9,Em Progresso,10.55768965620313,11,123,0
2025-05-05 15:23:08.898035,3,Campanha D,0.9526863226798552,0.9000280139144958,0.09559009523980401,0.39283421849511624,585,0.13695907978557947,52,Erro,52.376044426754476,2,432,0
2025-05-17 15:23:08.898035,13,Campanha B,0.8679667580390396,1.5298468346169414,0.15028057953919008,0.34187528515679283,843,0.12029076948655988,75,Erro,56.500160768920615,1,224,0
2025-05-06 15:23:08.898035,12,Campanha D,0.9464139454914707,1.4918299794592556,0.12171190655966856,0.9684708334034499,427,0.38391669930083827,10,Em Progresso,4.5712990003700895,14,188,0
2025-05-26 15:23:08.898035,20,Campanha B,0.876260996203389,1.255951918192992,0.25334787542141557,0.6813037461393653,313,0.4885111672471438,55,Abandonado,19.54188364993157,4,72,6
2025-05-03 15:23:08.898035,2,Campanha C,0.9806076340625469,1.4246625863964746,0.06807566851502783,0.6403942861326756,871,0.0984018575655589,85,Abandonado,53.719910312091756,5,160,4
2025-05-06 15:23:08.898035,18,Campanha C,0.8760882155163539,0.7362489746062141,0.27928193001761065,0.9955302490958612,345,0.2224137354839709,87,Concluído,26.232601033438495,18,45,1
2025-05-09 15:23:08.898035,3,Campanha A,0.7434786542130284,0.5570026933904875,0.1989956257090977,0.9634172430191185,406,0.24209278355547864,49,Concluído,5.236757765870332,7,389,9
2025-05-16 15:23:08.898035,20,Campanha D,0.7033497067543935,0.4685901952548722,0.22923002674630746,0.2852042097960427,188,0.4312358829799952,16,Erro,54.52086997063529,18,393,7
2025-05-21 15:23:08.898035,10,Campanha A,0.7043308923457159,0.5562685733594335,0.15445308330506793,0.5256535174605294,453,0.15717344135490804,37,Erro,6.955171467577102,10,155,9
2025-05-01 15:23:08.898035,17,Campanha A,0.959569810222511,1.7276951026535052,0.14589226522587287,0.5097486826968808,786,0.31049438448532796,86,Abandonado,56.83417917860916,1,371,8
2025-05-02 15:23:08.898035,15,Campanha A,0.8837824783902066,1.118277352597419,0.16970206969842258,0.6207067177240472,253,0.13243707410225888,49,Concluído,24.333369084897853,18,141,4
2025-05-05 15:23:08.898035,5,Campanha C,0.7302045196683284,1.4196435668112188,0.10054502443415927,0.7112626180410629,461,0.24815187542799,53,Abandonado,4.22192389602467,8,315,4
2025-04-30 15:23:08.898035,2,Campanha D,0.9096158475506,1.2770712022541826,0.2792636300434007,0.8754678258013039,976,0.4131252104110478,52,Abandonado,59.33164402178979,18,332,4
2025-05-26 15:23:08.898035,9,Campanha A,0.8108671682332641,0.6624708549818178,0.2755812573942962,0.1176579245690274,937,0.36290460723491896,90,Erro,13.766550657811603,19,493,2
2025-05-07 15:23:08.898035,3,Campanha D,0.74009377650261,1.4001369343340415,0.03185275178902407,0.2710807911695455,432,0.4290700002944322,92,Abandonado,39.34444253531883,10,498,8
2025-04-29 15:23:08.898035,4,Campanha A,0.9071789285353282,1.8251889772321739,0.29859587026797374,0.7691978592373743,702,0.04019865157231758,51,Abandonado,12.38082096987849,8,448,7
2025-05-14 15:23:08.898035,15,Campanha A,0.8498463810494339,0.3808697880039694,0.1869545799398221,0.44886551570161926,734,0.4861988740340947,5,Abandonado,21.74141301207569,4,487,7
2025-05-01 15:23:08.898035,20,Campanha B,0.7434263216326382,0.698924129725326,0.021988721278520206,0.43038485213526967,662,0.452370215018879,31,Concluído,27.524811911645667,6,264,9
2025-05-11 15:23:08.898035,18,Campanha A,0.7970244362116042,1.2333145779076742,0.2416819660632381,0.6339192498191293,849,0.03944185115164885,62,Concluído,43.89334664182038,9,62,1
2025-05-20 15:23:08.898035,18,Campanha A,0.8007771284763664,1.989405497793961,0.007915245819551742,0.6085953238248707,256,0.25408542259739203,81,Concluído,6.789190858337036,16,371,4
2025-05-18 15:23:08.898035,4,Campanha B,0.760112132166894,1.2052080113621326,0.21230513690007582,0.3244888000768862,669,0.24368842437268412,57,Abandonado,54.1450896843106,11,229,5
2025-05-15 15:23:08.898035,19,Campanha A,0.836717215646904,1.6712258702602778,0.012501824279254448,0.12764566068525657,295,0.43353843908636325,44,Concluído,23.404078020101807,4,379,3
2025-05-03 15:23:08.898035,8,Campanha A,0.9450715548099831,1.2262569038560913,0.11181190870597521,0.42921864491908857,836,0.4993683562734381,38,Concluído,10.248844283403912,1,17,6
2025-05-17 15:23:08.898035,19,Campanha D,0.7713942084814885,0.8011780121762623,0.05941688092427275,0.1378257806824462,476,0.12458323067552292,44,Concluído,37.54655972235677,14,433,5
2025-04-27 15:23:08.898035,1,Campanha B,0.9650691278792876,0.9785472654543909,0.16352632004276382,0.4910675980045681,604,0.21277383560395718,29,Erro,23.100325326057618,14,374,4
2025-05-19 15:23:08.898035,10,Campanha D,0.7104275489729434,1.7777870720046425,0.10711430072998797,0.1364311847980682,197,0.2715543857410573,37,Erro,6.809612607241902,11,295,8
2025-05-11 15:23:08.898035,1,Campanha D,0.8756873255937532,1.610665387048622,0.22779452562459543,0.61302266719731,951,0.45064318106515977,35,Erro,30.46270307065855,12,267,6
2025-05-20 15:23:08.898035,10,Campanha D,0.7973035792767488,1.5064060376123074,0.11450327788729617,0.7206877609822199,421,0.1359686552454133,10,Abandonado,3.723760618125752,1,108,2
2025-05-24 15:23:08.898035,13,Campanha D,0.8509990001330379,1.0246996428331752,0.17971604754859669,0.3688235033117908,381,0.3331332734115778,58,Em Progresso,23.1545636991534,10,451,8
2025-04-28 15:23:08.898035,15,Campanha C,0.7302494843349886,0.830196519832523,0.12835278744148831,0.6664165156776931,496,0.3625663564717266,43,Concluído,45.47937066616389,19,269,1
2025-05-20 15:23:08.898035,0,Campanha B,0.7590217049716935,1.3797254206808491,0.1210791214887116,0.38535376964005663,588,0.027852048150968534,23,Em Progresso,16.03643822904926,4,258,7
2025-05-05 15:23:08.898035,10,Campanha C,0.9309434202088269,1.631351215950411,0.2804926956048375,0.672947156839705,180,0.4211659157678761,58,Erro,56.68170939479788,8,157,9
2025-04-29 15:23:08.898035,3,Campanha C,0.8537830891776628,1.9324417524307613,0.2078438320522941,0.720478111828729,470,0.04893642780756559,99,Erro,20.478728444817246,18,199,2
2025-05-04 15:23:08.898035,2,Campanha B,0.7864047137179384,1.5963876702888475,0.05708605758786675,0.5974754477484768,663,0.21455459941830174,31,Em Progresso,51.097384798321244,3,468,8
2025-05-05 15:23:08.898035,7,Campanha C,0.8202005695734479,1.4250567653050383,0.010469215010509968,0.4061209205352445,988,0.2536298569056433,74,Em Progresso,13.384408770983109,2,263,2
2025-05-06 15:23:08.898035,5,Campanha C,0.8456587676213237,1.1666872962037398,0.03343790612131244,0.6913231460850513,605,0.16468343373231462,88,Concluído,55.24679549802099,16,386,1
2025-05-04 15:23:08.898035,17,Campanha D,0.9470885204409096,1.637848766076555,0.2633827324846962,0.41950659940657287,952,0.2898653482494464,46,Em Progresso,57.657804129858604,1,164,6
2025-05-13 15:23:08.898035,9,Campanha A,0.8070510181388717,0.27409984259649023,0.06792909758946634,0.23619824872958411,990,0.38851868995544236,3,Abandonado,44.61764573977517,16,404,9
2025-05-14 15:23:08.898035,16,Campanha A,0.8059941043847694,0.8775799357892093,0.15122607103484065,0.48956702305973576,445,0.4469814311031136,29,Erro,16.29188667941108,18,333,8
2025-05-10 15:23:08.898035,19,Campanha B,0.9039033866587672,0.11054387154120078,0.1781136252206172,0.275604515532188,551,0.3281430508646373,12,Erro,45.285519960855595,17,153,4
2025-05-20 15:23:08.898035,17,Campanha C,0.7928406772105194,1.250831987352105,0.137178995417957,0.5795352223476508,101,0.4325761282516055,51,Erro,40.08321101964359,6,424,0
2025-05-13 15:23:08.898035,21,Campanha C,0.7015519389354596,0.5840441946111692,0.1271260719652406,0.8280233331667924,142,0.4666515450203251,46,Em Progresso,32.61019512589638,7,456,4
2025-04-27 15:23:08.898035,1,Campanha B,0.9069376378422509,0.44162772231728553,0.2448348175686238,0.15399902086867495,790,0.2191874408450567,79,Erro,34.90580918480102,7,292,3
2025-04-27 15:23:08.898035,19,Campanha D,0.8666974411910415,1.4519685262185185,0.07879766854143151,0.25790142462477805,702,0.17357723101043604,57,Em Progresso,11.009659187145484,18,70,8
2025-05-13 15:23:08.898035,11,Campanha D,0.9474135255497337,1.3637508231038074,0.12259481491830168,0.8154528879713089,836,0.19799713663215426,64,Em Progresso,9.721729709837284,16,495,2
2025-05-19 15:23:08.898035,10,Campanha C,0.9578468287276816,1.4801146894943356,0.249628799722866,0.36210374229738673,731,0.19117794179348738,43,Em Progresso,40.772723527728054,1,170,2
2025-05-12 15:23:08.898035,7,Campanha A,0.967213844089276,1.781469231272063,0.00250390354554223,0.4607430207741664,597,0.3459145269160168,44,Erro,17.305331991978974,10,349,0
2025-05-08 15:23:08.898035,21,Campanha A,0.9090469568846361,1.295234292213003,0.06889336522878714,0.8579733476219769,859,0.3963924945959741,60,Concluído,33.323089945266254,3,271,5
2025-05-11 15:23:08.898035,12,Campanha A,0.9138031396781676,0.16345071373871445,0.18040528314293264,0.9561476314564364,887,0.13533013634883664,6,Erro,45.617260828675896,4,378,7
2025-05-02 15:23:08.898035,14,Campanha C,0.7415917057164122,0.3185866380804676,0.20743262666622303,0.8023638029863749,415,0.11170751982106088,66,Concluído,18.68454297510342,17,307,6
2025-05-04 15:23:08.898035,11,Campanha D,0.761650111530582,0.1220581643698489,0.26247173977990207,0.1255773132538228,904,0.2725597254890668,8,Concluído,43.68102734581312,12,404,6
2025-05-21 15:23:08.898035,4,Campanha C,0.7653440907809543,0.42180770062826645,0.08071389742656532,0.33150757138375575,581,0.44806469581319314,25,Erro,2.9466709652905054,10,86,5
2025-04-27 15:23:08.898035,15,Campanha D,0.7765439792982481,1.603032686745697,0.2735412167601647,0.6461329489125868,285,0.170432707168868,73,Em Progresso,28.22744336692215,5,390,8
2025-05-06 15:23:08.898035,22,Campanha D,0.8669241459693988,0.33186623195616827,0.24120913313024822,0.555933295090909,372,0.3115992336459024,92,Erro,24.7465404279575,15,333,0
2025-04-28 15:23:08.898035,5,Campanha A,0.9769332845213978,0.8907866141341805,0.10036611963900788,0.6336567857288486,999,0.430364078926416,97,Concluído,27.07025430540519,9,469,7
2025-05-18 15:23:08.898035,2,Campanha B,0.7949643956406016,0.6814687329444815,0.09618732885027062,0.6055237457540631,189,0.3055637977920474,32,Em Progresso,45.693635423646164,1,411,1
2025-05-20 15:23:08.898035,17,Campanha D,0.8848397243519625,1.884860065689001,0.2436336949228805,0.9090818171989996,460,0.11349218280118532,72,Abandonado,42.87298678811713,15,379,3
2025-05-17 15:23:08.898035,12,Campanha A,0.9157297055882949,0.3090372821224312,0.12503769911507906,0.22829902542223482,907,0.2209275148246948,36,Concluído,19.757956433022866,3,141,5
2025-05-12 15:23:08.898035,3,Campanha A,0.9199420505830533,1.987006796106408,0.008507223169794154,0.1688974849834936,897,0.31720259764576864,89,Em Progresso,33.32473399223151,11,477,0
2025-04-27 15:23:08.898035,19,Campanha C,0.7173822813127437,0.4326403801223663,0.20205415947163516,0.7695232063736644,986,0.2630843619451286,31,Em Progresso,3.5635046622321354,19,495,3
2025-05-18 15:23:08.898035,12,Campanha D,0.961658547733159,1.9836391537228968,0.04192442596197939,0.5328965031374837,481,0.15924640931342499,74,Abandonado,42.88849186369788,3,182,2
2025-04-28 15:23:08.898035,15,Campanha C,0.763859286678553,0.46114834150458817,0.09299166080644491,0.11728319139475567,963,0.2585855965483327,15,Concluído,33.9373922053968,17,295,4
2025-05-22 15:23:08.898035,23,Campanha D,0.9357832042268021,0.459108812929818,0.18013617452777542,0.6605188771423686,997,0.2161232544103279,5,Abandonado,45.41753679676374,9,52,0
2025-05-11 15:23:08.898035,10,Campanha C,0.9147688953478157,1.3253950431606483,0.1453194621411662,0.15818210216383508,885,0.1906473528766489,34,Em Progresso,30.704257303464335,10,234,9
2025-05-16 15:23:08.898035,9,Campanha A,0.7285957506600208,0.6764676732210689,0.16454839445371383,0.32072934258966357,775,0.12209747206105755,90,Abandonado,36.12407802934575,11,236,2
2025-05-07 15:23:08.898035,20,Campanha A,0.8021361189225839,1.9543464282073242,0.25762880745100203,0.8280552481219265,310,0.19059721030886154,84,Concluído,6.576997877131097,1,241,6
2025-05-02 15:23:08.898035,7,Campanha C,0.7761942507058821,0.201404027792923,0.06882783865009033,0.35560472457874925,798,0.2050113367233718,82,Concluído,55.0707280094628,17,268,1
2025-05-05 15:23:08.898035,23,Campanha A,0.8432921125554718,1.6713130027836163,0.2880057316377663,0.7862630954053659,885,0.41334474880839145,78,Erro,3.1481545465709098,10,270,4
2025-05-05 15:23:08.898035,0,Campanha C,0.9925789043168607,0.37629788081763804,0.16976978477400265,0.31545231924661055,748,0.04402258865802238,68,Abandonado,6.1693180187553365,13,256,9
2025-05-15 15:23:08.898035,11,Campanha B,0.86796705614876,1.3263724105664618,0.2558772461660734,0.3920672431747936,531,0.3824005412550605,62,Erro,43.276135936186456,16,245,3
2025-05-07 15:23:08.898035,5,Campanha B,0.8219269394778261,0.4899538454202941,0.24671620476610515,0.4945266319476317,936,0.05588507366780357,62,Abandonado,35.473370401366495,11,418,6
2025-05-23 15:23:08.898035,1,Campanha A,0.9015603122225067,1.9643517546565932,0.13229125726912425,0.21170165030280985,566,0.16969717815509072,96,Concluído,17.714383124642218,3,304,9
2025-05-21 15:23:08.898035,19,Campanha B,0.7507972914116212,0.10528238956137534,0.29127773339642143,0.5656583927131461,982,0.4191895728095635,47,Em Progresso,52.420216135645084,17,317,1
2025-05-03 15:23:08.898035,13,Campanha C,0.7589459107155083,1.1497893137792057,0.007402467466304696,0.5897723237469314,699,0.4873347167684504,91,Abandonado,21.735370306294413,4,416,7
2025-05-26 15:23:08.898035,18,Campanha B,0.8007081516176758,0.21002700059925175,0.01125825961261022,0.20662058760473423,987,0.43283920615969695,78,Em Progresso,2.757201644390737,11,470,4
2025-05-18 15:23:08.898035,23,Campanha B,0.8126373595094009,0.7883939189950191,0.022382942926047287,0.4169592656447354,902,0.4144478623815508,55,Abandonado,11.500997027503919,5,285,1
2025-05-19 15:23:08.898035,18,Campanha D,0.7604739233313028,1.3808660944960847,0.2856498925254058,0.8208489746565358,450,0.10369556900728676,38,Em Progresso,10.45354637891423,7,197,7
